{
  "_alphas": [
    0.0001,
    0.001,
    0.01
  ],
  "_A_def": "cv < 5.0",
  "_B_def": "cv > 8.0",
  "_allow_cross_traj": false,
  "_dham_sign": "PLUS",
  "rows": [
    {
      "alpha": 0.0001,
      "n_valid": 200,
      "n_reg": 200,
      "Omega_J": {
        "point": 0.7402040512773584,
        "median": 0.7433314407282898,
        "p5": 0.7291680447920738,
        "p95": 0.7679166372401445
      },
      "D_edge": {
        "point": 1.2226657476718226,
        "median": 1.2184427155467703,
        "p5": 1.15079087556361,
        "p95": 1.2573543018963806
      }
    },
    {
      "alpha": 0.001,
      "n_valid": 200,
      "n_reg": 200,
      "Omega_J": {
        "point": 0.7401847526760685,
        "median": 0.7432760381072077,
        "p5": 0.7291418765983839,
        "p95": 0.7678860875387176
      },
      "D_edge": {
        "point": 1.2226564212279567,
        "median": 1.218539422190424,
        "p5": 1.151143456520081,
        "p95": 1.2576710691907076
      }
    },
    {
      "alpha": 0.01,
      "n_valid": 200,
      "n_reg": 200,
      "Omega_J": {
        "point": 0.7399737795696574,
        "median": 0.7428610312920962,
        "p5": 0.7288856866627461,
        "p95": 0.7675826682763075
      },
      "D_edge": {
        "point": 1.222526832855412,
        "median": 1.2198251609336022,
        "p5": 1.1535408037415573,
        "p95": 1.2587969007521642
      }
    }
  ]
}