{
  "xy_gamma": {
    "mean": 50.27498840480368,
    "std": 6.800172895399745,
    "min": 37.517264435403085,
    "max": 59.21207268997241,
    "vals": [
      48.88364797619752,
      59.21207268997241,
      37.517264435403085,
      47.99642327700567,
      57.09176382201694,
      56.80100451326727,
      52.4445000951676,
      48.8336393399454,
      50.60347548586772,
      45.54497572553538,
      58.78901648273192,
      39.58207701453327
    ]
  },
  "v2_gamma": {
    "mean": 48.84840650191029,
    "std": 4.362083073784567,
    "min": 39.094767915343795,
    "max": 50.8125454928662,
    "vals": [
      50.812545492170024,
      50.81254549268188,
      39.094767915343795,
      50.812542588465135,
      50.8125454928662,
      50.812545492738245,
      50.81228388970182,
      50.81254542716887,
      39.094767915343795,
      50.79923195566967,
      50.69201089450376,
      50.81254546627028
    ]
  },
  "ps_gamma": {
    "mean": 91.29565431316252,
    "std": 1.1095363636709934e-08,
    "min": 91.29565430823693,
    "max": 91.29565434796758,
    "vals": [
      91.29565430823693,
      91.29565430823693,
      91.29565430823693,
      91.29565431896795,
      91.29565430823693,
      91.29565430823693,
      91.29565434796758,
      91.29565430823693,
      91.29565430823693,
      91.29565431688233,
      91.29565430823693,
      91.29565430823693
    ]
  },
  "xy_mfpt": {
    "mean": 56.36964568313538,
    "std": 5.8987585766350135,
    "min": 46.46458845259368,
    "max": 69.33924954266251,
    "vals": [
      46.8426225268451,
      57.90452580908934,
      50.28191005849845,
      58.25931058086159,
      58.659714748810195,
      57.779791736521105,
      59.1521099455208,
      46.46458845259368,
      56.92908377484433,
      57.32935925604409,
      57.49348176533325,
      69.33924954266251
    ]
  },
  "committor_mfpt": {
    "mean": 71.44262213981217,
    "std": 3.898812426997872e-09,
    "min": 71.44262213591465,
    "max": 71.4426221437888,
    "vals": [
      71.4426221437841,
      71.44262213591465,
      71.44262213591465,
      71.44262214374608,
      71.44262214378874,
      71.44262214375614,
      71.44262213591465,
      71.44262213591465,
      71.44262213591465,
      71.4426221437888,
      71.44262214339425,
      71.44262213591465
    ]
  },
  "ps_mfpt": {
    "mean": 82.68383049356036,
    "std": 6.814852539393374e-10,
    "min": 82.68383049312816,
    "max": 82.68383049491248,
    "vals": [
      82.68383049312816,
      82.68383049465932,
      82.68383049312816,
      82.68383049312816,
      82.68383049312816,
      82.68383049354567,
      82.68383049458139,
      82.68383049312816,
      82.68383049312816,
      82.68383049491248,
      82.68383049312816,
      82.68383049312816
    ]
  }
}