{
  "screen": {
    "coverage_failure_max": 0.01,
    "overlap_min": 0.05,
    "W_min": 3,
    "note": "each objective screened on its own coverage metric"
  },
  "grid": {
    "label": "2D grid (n=800)",
    "oracle": {
      "barrier_speedup": 970.9330205023787,
      "rate_speedup": 1039.2162494996205,
      "tau": 162.19725286942548,
      "N_eff": 308.2666266872705
    },
    "cvs": [
      "x",
      "EigVec2",
      "Committor",
      "MFPTcv"
    ],
    "per_cv": {
      "x": {
        "barrier": {
          "valid": {
            "score": 59492.18439550896,
            "W": 24,
            "kappa": 512.0,
            "overlap": 0.8944469588723661,
            "coverage_failure": 0.007256691163850366
          },
          "best_found": {
            "score": 59492.18439550896,
            "W": 24,
            "kappa": 512.0,
            "overlap": 0.8944469588723661,
            "coverage_failure": 0.007256691163850366
          },
          "w1": {
            "score": 752131.2837599588,
            "W": 1,
            "kappa": 512.0,
            "overlap": NaN,
            "coverage_failure": 0.0
          }
        },
        "rate": {
          "valid": null,
          "best_found": {
            "score": 11387.493064815713,
            "W": 24,
            "kappa": 512.0,
            "overlap": 0.8944469588723661,
            "coverage_failure": 0.017140062764111466
          },
          "w1": {
            "score": 187.47434131585487,
            "W": 1,
            "kappa": 128.0,
            "overlap": NaN,
            "coverage_failure": 0.4479796266840408
          }
        }
      },
      "EigVec2": {
        "barrier": {
          "valid": null,
          "best_found": {
            "score": 14691.625857780562,
            "W": 24,
            "kappa": 128.0,
            "overlap": 0.991265719222759,
            "coverage_failure": 0.06811752568258019
          },
          "w1": {
            "score": 346399.89989445906,
            "W": 1,
            "kappa": 512.0,
            "overlap": NaN,
            "coverage_failure": 0.007256691163850366
          }
        },
        "rate": {
          "valid": null,
          "best_found": {
            "score": 206.20137579274132,
            "W": 4,
            "kappa": 128.0,
            "overlap": 0.7108072078262527,
            "coverage_failure": 0.8673071926064513
          },
          "w1": {
            "score": 26.627832115608044,
            "W": 1,
            "kappa": 32.0,
            "overlap": NaN,
            "coverage_failure": 0.9999999999999999
          }
        }
      },
      "Committor": {
        "barrier": {
          "valid": null,
          "best_found": {
            "score": 15347.025447434318,
            "W": 24,
            "kappa": 128.0,
            "overlap": 0.9912444905173075,
            "coverage_failure": 0.06811752568258019
          },
          "w1": {
            "score": 402170.39343685185,
            "W": 1,
            "kappa": 512.0,
            "overlap": NaN,
            "coverage_failure": 0.007256691163850366
          }
        },
        "rate": {
          "valid": null,
          "best_found": {
            "score": 223.5282122405316,
            "W": 4,
            "kappa": 128.0,
            "overlap": 0.7104642631089368,
            "coverage_failure": 0.8636275157292133
          },
          "w1": {
            "score": 27.30215327070345,
            "W": 1,
            "kappa": 32.0,
            "overlap": NaN,
            "coverage_failure": 0.9999999999999999
          }
        }
      },
      "MFPTcv": {
        "barrier": {
          "valid": null,
          "best_found": {
            "score": 15290.471488629795,
            "W": 24,
            "kappa": 128.0,
            "overlap": 0.9912606080580114,
            "coverage_failure": 0.06811752568258019
          },
          "w1": {
            "score": 342736.25715884,
            "W": 1,
            "kappa": 512.0,
            "overlap": NaN,
            "coverage_failure": 0.007256691163850366
          }
        },
        "rate": {
          "valid": null,
          "best_found": {
            "score": 224.63226748457248,
            "W": 4,
            "kappa": 128.0,
            "overlap": 0.7108468090832782,
            "coverage_failure": 0.8579772634016355
          },
          "w1": {
            "score": 27.28507784853649,
            "W": 1,
            "kappa": 32.0,
            "overlap": NaN,
            "coverage_failure": 0.9999999999999999
          }
        }
      }
    }
  },
  "pentapeptide": {
    "label": "Pentapeptide MSM (n=250)",
    "oracle": {
      "barrier_speedup": 0.3311249046945258,
      "rate_speedup": 0.659150086447614,
      "tau": 25.653673701713608,
      "N_eff": 1949.038589223972
    },
    "cvs": [
      "Basic",
      "EigVec2",
      "Committor",
      "MFPTcv"
    ],
    "per_cv": {
      "Basic": {
        "barrier": {
          "valid": {
            "score": 0.9889355924488012,
            "W": 24,
            "kappa": 2.0,
            "overlap": 0.9999238325050004,
            "coverage_failure": 0.002205717091612631
          },
          "best_found": {
            "score": 0.9889355924488012,
            "W": 24,
            "kappa": 2.0,
            "overlap": 0.9999238325050004,
            "coverage_failure": 0.002205717091612631
          },
          "w1": {
            "score": 0.9913397205875524,
            "W": 1,
            "kappa": 2.0,
            "overlap": NaN,
            "coverage_failure": 0.002205717091612631
          }
        },
        "rate": {
          "valid": {
            "score": 0.9932512662535725,
            "W": 24,
            "kappa": 2.0,
            "overlap": 0.9999238325050004,
            "coverage_failure": 0.004286446202946977
          },
          "best_found": {
            "score": 0.9932512662535725,
            "W": 24,
            "kappa": 2.0,
            "overlap": 0.9999238325050004,
            "coverage_failure": 0.004286446202946977
          },
          "w1": {
            "score": 0.9965076165066024,
            "W": 1,
            "kappa": 2.0,
            "overlap": NaN,
            "coverage_failure": 0.004286446202946977
          }
        }
      },
      "EigVec2": {
        "barrier": {
          "valid": {
            "score": 1.0526297463573537,
            "W": 12,
            "kappa": 2.0,
            "overlap": 0.9999848570254078,
            "coverage_failure": 0.0017905326490476286
          },
          "best_found": {
            "score": 1.0526297463573537,
            "W": 12,
            "kappa": 2.0,
            "overlap": 0.9999848570254078,
            "coverage_failure": 0.0017905326490476286
          },
          "w1": {
            "score": 1.1086344508534283,
            "W": 1,
            "kappa": 32.0,
            "overlap": NaN,
            "coverage_failure": 0.0011079342179343278
          }
        },
        "rate": {
          "valid": {
            "score": 1.0563286544375605,
            "W": 12,
            "kappa": 2.0,
            "overlap": 0.9999848570254078,
            "coverage_failure": 0.0037977704945874645
          },
          "best_found": {
            "score": 1.0563286544375605,
            "W": 12,
            "kappa": 2.0,
            "overlap": 0.9999848570254078,
            "coverage_failure": 0.0037977704945874645
          },
          "w1": {
            "score": 1.1730952195365416,
            "W": 1,
            "kappa": 32.0,
            "overlap": NaN,
            "coverage_failure": 0.0023838174321148342
          }
        }
      },
      "Committor": {
        "barrier": {
          "valid": {
            "score": 1.2127469656987122,
            "W": 24,
            "kappa": 8.0,
            "overlap": 0.9999246708934094,
            "coverage_failure": 0.001438132749720471
          },
          "best_found": {
            "score": 1.2127469656987122,