{
  "filter_settings": {
    "coverage_failure_max": 0.01,
    "overlap_min": 0.05,
    "W_min": 2
  },
  "grid": {
    "label": "2D grid (n=800)",
    "oracle": {
      "barrier_speedup": 970.9330204417341,
      "rate_speedup": 1039.216249434757,
      "tau": 162.19725286950188,
      "N_eff": 308.2666266871253
    },
    "p_dagger": 0.0003655401459045422,
    "mfpt_unbiased": 20227.871712295215,
    "spectral_gap": 9.958757817685701e-05,
    "best_barrier_unconstrained": {
      "x": {
        "cv": "x",
        "W": 1,
        "kappa": 512.0,
        "barrier_speedup": 752131.2837131371,
        "rate_speedup": 1.438572682680218e-05,
        "coverage_failure_pdagger": 0.0,
        "coverage_failure_rate": 0.4031937604798197,
        "N_eff_total_US": 4100.610551294386,
        "median_overlap": NaN,
        "slowest_window_timescale": 12.19330618564037
      },
      "EigVec2": {
        "cv": "EigVec2",
        "W": 1,
        "kappa": 512.0,
        "barrier_speedup": 346399.90016320266,
        "rate_speedup": 3.1148566133211547e-06,
        "coverage_failure_pdagger": 0.0,
        "coverage_failure_rate": 0.9111233001445525,
        "N_eff_total_US": 638.9291252833829,
        "median_overlap": NaN,
        "slowest_window_timescale": 78.25594110743286
      },
      "Committor": {
        "cv": "Committor",
        "W": 1,
        "kappa": 512.0,
        "barrier_speedup": 402170.39341176493,
        "rate_speedup": 3.118163054320941e-06,
        "coverage_failure_pdagger": 0.0,
        "coverage_failure_rate": 0.9111233001445525,
        "N_eff_total_US": 741.6981771412693,
        "median_overlap": NaN,
        "slowest_window_timescale": 67.4128662318077
      },
      "MFPTcv": {
        "cv": "MFPTcv",
        "W": 1,
        "kappa": 512.0,
        "barrier_speedup": 342736.25856448355,
        "rate_speedup": 3.1161050314589316e-06,
        "coverage_failure_pdagger": 0.0,
        "coverage_failure_rate": 0.9111581465116567,
        "N_eff_total_US": 634.9818765453862,
        "median_overlap": NaN,
        "slowest_window_timescale": 78.7424048573238
      }
    },
    "best_rate_unconstrained": {
      "x": {
        "cv": "x",
        "W": 24,
        "kappa": 512.0,
        "barrier_speedup": 59492.18439181335,
        "rate_speedup": 11387.49306411437,
        "coverage_failure_pdagger": 0.0,
        "coverage_failure_rate": 0.0,
        "N_eff_total_US": 2881.4406127378193,
        "median_overlap": 0.8944469588723623,
        "slowest_window_timescale": 19.034832953516773
      },
      "EigVec2": {
        "cv": "EigVec2",
        "W": 4,
        "kappa": 128.0,
        "barrier_speedup": 6066.212883197041,
        "rate_speedup": 206.20137580454931,
        "coverage_failure_pdagger": 0.0,
        "coverage_failure_rate": 0.023284087166074052,
        "N_eff_total_US": 255.35615322132145,
        "median_overlap": 0.7108072078238133,
        "slowest_window_timescale": 261.53562251945306
      },
      "Committor": {
        "cv": "Committor",
        "W": 4,
        "kappa": 128.0,
        "barrier_speedup": 6227.153117860301,
        "rate_speedup": 223.52821222172471,
        "coverage_failure_pdagger": 0.0,
        "coverage_failure_rate": 0.01829982519172434,
        "N_eff_total_US": 274.4233903833425,
        "median_overlap": 0.7104642631068891,
        "slowest_window_timescale": 252.57780281429686
      },
      "MFPTcv": {
        "cv": "MFPTcv",
        "W": 4,
        "kappa": 128.0,
        "barrier_speedup": 6221.9997827995085,
        "rate_speedup": 224.6322674666032,
        "coverage_failure_pdagger": 0.0,
        "coverage_failure_rate": 0.01829982519172434,
        "N_eff_total_US": 275.9146371712133,
        "median_overlap": 0.7108468090928267,
        "slowest_window_timescale": 262.8353937675217
      }
    },
    "best_barrier_valid": {
      "x": {
        "cv": "x",
        "W": 24,
        "kappa": 512.0,
        "barrier_speedup": 59492.18439181335,
        "rate_speedup": 11387.49306411437,
        "coverage_failure_pdagger": 0.0,
        "coverage_failure_rate": 0.0,
        "N_eff_total_US": 2881.4406127378193,
        "median_overlap": 0.8944469588723623,
        "slowest_window_timescale": 19.034832953516773
      }
    },
    "best_rate_valid": {
      "x": {
        "cv": "x",
        "W": 24,
        "kappa": 512.0,
        "barrier_speedup": 59492.18439181335,
        "rate_speedup": 11387.49306411437,
        "coverage_failure_pdagger": 0.0,
        "coverage_failure_rate": 0.0,
        "N_eff_total_US": 2881.4406127378193,
        "median_overlap": 0.8944469588723623,
        "slowest_window_timescale": 19.034832953516773
      }
    }
  },
  "pentapeptide": {
    "label": "Pentapeptide MSM (n=250)",
    "oracle": {
      "barrier_speedup": 0.3311249046945325,
      "rate_speedup": 0.6591500864476268,
      "tau": 25.65367370171303,
      "N_eff": 1949.038589224016
    },
    "p_dagger": 0.930061583899016,
    "mfpt_unbiased": 668.806309448161,
    "spectral_gap": 0.05311326712881858,
    "best_barrier_unconstrained": {
      "Basic": {
        "cv": "Basic",
        "W": 1,
        "kappa": 2.0,
        "barrier_speedup": 0.9913397205875518,
        "rate_speedup": 0.9965076165066014,
        "coverage_failure_pdagger": 0.0,
        "coverage_failure_rate": 0.0,
        "N_eff_total_US": 2647.4236647441694,
        "median_overlap": NaN,
        "slowest_window_timescale": 18.886285812826898
      },
      "EigVec2": {
        "cv": "EigVec2",
        "W": 1,
        "kappa": 32.0,
        "barrier_speedup": 1.1086344508534143,
        "rate_speedup": 1.1730952195365283,
        "coverage_failure_pdagger": 0.0,
        "coverage_failure_rate": 0.0,
        "N_eff_total_US": 3066.0218777668397,
        "median_overlap": NaN,
        "slowest_window_timescale": 16.307776654358996
      },
      "Committor": {
        "cv": "Committor",
        "W": 1,
        "kappa": 32.0,
        "barrier_speedup": 1.7126948190914102,
        "rate_speedup": 1.3564482870027446,
        "coverage_failure_pdagger": 0.0,
        "coverage_failure_rate": 0.0,
        "N_eff_total_US": 4382.542878684751,
        "median_overlap": NaN,
        "slowest_window_timescale": 11.40890149487951
      },
      "MFPTcv": {
        "cv": "MFPTcv",
        "W": 1,
        "kappa": 8.0,
        "barrier_speedup": 1.053314706611626,
        "rate_speedup": 1.0699057597720232,
        "coverage_failure_pdagger": 0.0,
        "coverage_failure_rate": 0.0,
        "N_eff_total_US": 2800.8856906996475,
        "median_overlap": NaN,
        "slowest_window_timescale": 17.851496105687286
      }
    },
    "best_rate_unconstrained": {
      "Basic": {
        "cv": "Basic",
        "W": 1,
        "kappa": 2.0,
        "barrier_speedup": 0.9913397205875518,
        "rate_speedup": 0.9965076165066014,
        "coverage_failure_pdagger": 0.0,
        "coverage_failure_rate": 0.0,
        "N_eff_total_US": 2647.4236647441694,
        "median_overlap": NaN,
        "slowest_window_timescale": 18.886285812826898
      },
      "EigVec2": {
        "cv": "EigVec2",
        "W": 1,
        "kappa": 32.0,
        "barrier_speedup": 1.1086344508534143,
        "rate_speedup": 1.1730952195365283,
        "coverage_failure_pdagger": 0.0,
        "coverage_failure_rate": 0.0,
        "N_eff_total_US": 3066.0218777668397,
        "median_overlap": NaN,
        "slowest_window_timescale": 16.307776654358996
      },
      "Committor": {
        "cv": "Committor",
        "W": 1,
        "kappa": 8.0,
        "barrier_speedup": 1.4823579438689027,
        "rate_speedup": 1.4528438936990715,
        "coverage_failure_pdagger": 0.0,
        "coverage_failure_rate": 0.0,
        "N_eff_total_US": 3848.256312269218,
        "median_overlap": NaN,
        "slowest_window_timescale": 12.99289754702339
      },
      "MFPTcv": {
        "cv": "MFPTcv",
        "W": 1,
        "kappa": 8.0,
        "barrier_speedup": 1.053314706611626,