{
  "screen": {
    "coverage_failure_max": 0.01,
    "overlap_min": 0.05,
    "W_min": 3,
    "note": "each objective screened on its own coverage metric"
  },
  "grid": {
    "label": "2D grid (n=800)",
    "oracle": {
      "barrier_speedup": 970.9330204417341,
      "rate_speedup": 1039.216249434757,
      "tau": 162.19725286950188,
      "N_eff": 308.2666266871253
    },
    "cvs": [
      "x",
      "EigVec2",
      "Committor",
      "MFPTcv"
    ],
    "per_cv": {
      "x": {
        "barrier": {
          "valid": {
            "score": 59492.18439181335,
            "W": 24,
            "kappa": 512.0,
            "overlap": 0.8944469588723623,
            "coverage_failure": 0.0
          },
          "best_found": {
            "score": 59492.18439181335,
            "W": 24,
            "kappa": 512.0,
            "overlap": 0.8944469588723623,
            "coverage_failure": 0.0
          },
          "w1": {
            "score": 752131.2837131371,
            "W": 1,
            "kappa": 512.0,
            "overlap": NaN,
            "coverage_failure": 0.0
          }
        },
        "rate": {
          "valid": {
            "score": 11387.49306411437,
            "W": 24,
            "kappa": 512.0,
            "overlap": 0.8944469588723623,
            "coverage_failure": 0.0
          },
          "best_found": {
            "score": 11387.49306411437,
            "W": 24,
            "kappa": 512.0,
            "overlap": 0.8944469588723623,
            "coverage_failure": 0.0
          },
          "w1": {
            "score": 187.47434130434922,
            "W": 1,
            "kappa": 128.0,
            "overlap": NaN,
            "coverage_failure": 0.0011905224606194639
          }
        }
      },
      "EigVec2": {
        "barrier": {
          "valid": {
            "score": 14691.625856884566,
            "W": 24,
            "kappa": 128.0,
            "overlap": 0.9912657192226602,
            "coverage_failure": 0.007256691163864654
          },
          "best_found": {
            "score": 14691.625856884566,
            "W": 24,
            "kappa": 128.0,
            "overlap": 0.9912657192226602,
            "coverage_failure": 0.007256691163864654
          },
          "w1": {
            "score": 346399.90016320266,
            "W": 1,
            "kappa": 512.0,
            "overlap": NaN,
            "coverage_failure": 0.0
          }
        },
        "rate": {
          "valid": null,
          "best_found": {
            "score": 206.20137580454931,
            "W": 4,
            "kappa": 128.0,
            "overlap": 0.7108072078238133,
            "coverage_failure": 0.023284087166074052
          },
          "w1": {
            "score": 26.627832113862567,
            "W": 1,
            "kappa": 32.0,
            "overlap": NaN,
            "coverage_failure": 0.5679499343172559
          }
        }
      },
      "Committor": {
        "barrier": {
          "valid": {
            "score": 15347.02544647172,
            "W": 24,
            "kappa": 128.0,
            "overlap": 0.9912444905172243,
            "coverage_failure": 0.007256691163864654
          },
          "best_found": {
            "score": 15347.02544647172,
            "W": 24,
            "kappa": 128.0,
            "overlap": 0.9912444905172243,
            "coverage_failure": 0.007256691163864654
          },
          "w1": {
            "score": 402170.39341176493,
            "W": 1,
            "kappa": 512.0,
            "overlap": NaN,
            "coverage_failure": 0.0
          }
        },
        "rate": {
          "valid": null,
          "best_found": {
            "score": 223.52821222172471,
            "W": 4,
            "kappa": 128.0,
            "overlap": 0.7104642631068891,
            "coverage_failure": 0.01829982519172434
          },
          "w1": {
            "score": 27.302153269376166,
            "W": 1,
            "kappa": 32.0,
            "overlap": NaN,
            "coverage_failure": 0.5559385721914899
          }
        }
      },
      "MFPTcv": {
        "barrier": {
          "valid": {
            "score": 15290.47148771308,
            "W": 24,
            "kappa": 128.0,
            "overlap": 0.9912606080576316,
            "coverage_failure": 0.007256691163864654
          },
          "best_found": {
            "score": 15290.47148771308,
            "W": 24,
            "kappa": 128.0,
            "overlap": 0.9912606080576316,
            "coverage_failure": 0.007256691163864654
          },
          "w1": {
            "score": 342736.25856448355,
            "W": 1,
            "kappa": 512.0,
            "overlap": NaN,
            "coverage_failure": 0.0
          }
        },
        "rate": {
          "valid": null,
          "best_found": {
            "score": 224.6322674666032,
            "W": 4,
            "kappa": 128.0,
            "overlap": 0.7108468090928267,
            "coverage_failure": 0.01829982519172434
          },
          "w1": {
            "score": 27.28507784722533,
            "W": 1,
            "kappa": 32.0,
            "overlap": NaN,
            "coverage_failure": 0.561944253254701
          }
        }
      }
    }
  },
  "pentapeptide": {
    "label": "Pentapeptide MSM (n=250)",
    "oracle": {
      "barrier_speedup": 0.3311249046945325,
      "rate_speedup": 0.6591500864476268,
      "tau": 25.65367370171303,
      "N_eff": 1949.038589224016
    },
    "cvs": [
      "Basic",
      "EigVec2",
      "Committor",
      "MFPTcv"
    ],
    "per_cv": {
      "Basic": {
        "barrier": {
          "valid": {
            "score": 0.9889355924488008,
            "W": 24,
            "kappa": 2.0,
            "overlap": 0.9999238325050004,
            "coverage_failure": 0.0
          },
          "best_found": {
            "score": 0.9889355924488008,
            "W": 24,
            "kappa": 2.0,
            "overlap": 0.9999238325050004,
            "coverage_failure": 0.0
          },
          "w1": {
            "score": 0.9913397205875518,
            "W": 1,
            "kappa": 2.0,
            "overlap": NaN,
            "coverage_failure": 0.0
          }
        },
        "rate": {
          "valid": {
            "score": 0.9932512662535719,
            "W": 24,
            "kappa": 2.0,
            "overlap": 0.9999238325050004,
            "coverage_failure": 0.0
          },
          "best_found": {
            "score": 0.9932512662535719,
            "W": 24,
            "kappa": 2.0,
            "overlap": 0.9999238325050004,
            "coverage_failure": 0.0
          },
          "w1": {
            "score": 0.9965076165066014,
            "W": 1,
            "kappa": 2.0,
            "overlap": NaN,
            "coverage_failure": 0.0
          }
        }
      },
      "EigVec2": {
        "barrier": {
          "valid": {
            "score": 1.05262974635735,
            "W": 12,
            "kappa": 2.0,
            "overlap": 0.9999848570254077,
            "coverage_failure": 0.0
          },
          "best_found": {
            "score": 1.05262974635735,
            "W": 12,
            "kappa": 2.0,
            "overlap": 0.9999848570254077,
            "coverage_failure": 0.0
          },
          "w1": {
            "score": 1.1086344508534143,
            "W": 1,
            "kappa": 32.0,
            "overlap": NaN,
            "coverage_failure": 0.0
          }
        },
        "rate": {
          "valid": {
            "score": 1.0563286544375565,
            "W": 12,
            "kappa": 2.0,
            "overlap": 0.9999848570254077,
            "coverage_failure": 0.0
          },
          "best_found": {
            "score": 1.0563286544375565,
            "W": 12,
            "kappa": 2.0,
            "overlap": 0.9999848570254077,
            "coverage_failure": 0.0
          },
          "w1": {
            "score": 1.1730952195365283,
            "W": 1,