{
  "_grids": [
    [
      10,
      7
    ],
    [
      12,
      8
    ],
    [
      14,
      9
    ]
  ],
  "_features": [
    [
      5,
      "Y64_swing"
    ],
    [
      2,
      "Sw1-Sw2_couple"
    ],
    [
      7,
      "alpha5_align"
    ]
  ],
  "_alpha": 0.001,
  "_CV_A_max": 5.0,
  "_CV_B_min": 8.0,
  "_n_boot": 200,
  "rows": [
    {
      "label": "10x7 / Y64_swing",
      "n_cv": 10,
      "n_f": 7,
      "feat_idx": 5,
      "n_visited": 33,
      "n_total": 70,
      "A_size": 11,
      "B_size": 4,
      "n_valid": 200,
      "n_reg": 200,
      "Omega_J": {
        "point": 0.7068983610852896,
        "median": 0.7107330928485409,
        "p5": 0.6901995960307058,
        "p95": 0.7357914410740705
      },
      "D_edge": {
        "point": 0.9687540137417955,
        "median": 0.9657226679289388,
        "p5": 0.9312087703547802,
        "p95": 0.9941624388871074
      }
    },
    {
      "label": "10x7 / Sw1-Sw2_couple",
      "n_cv": 10,
      "n_f": 7,
      "feat_idx": 2,
      "n_visited": 20,
      "n_total": 70,
      "A_size": 6,
      "B_size": 3,
      "n_valid": 200,
      "n_reg": 200,
      "Omega_J": {
        "point": 0.8335985397783139,
        "median": 0.8355566476271851,
        "p5": 0.8221519192627715,
        "p95": 0.8477845248609912
      },
      "D_edge": {
        "point": 1.1140833586554386,
        "median": 1.09905523689233,
        "p5": 1.0689373077708433,
        "p95": 1.142018884359782
      }
    },
    {
      "label": "10x7 / alpha5_align",
      "n_cv": 10,
      "n_f": 7,
      "feat_idx": 7,
      "n_visited": 33,
      "n_total": 70,
      "A_size": 9,
      "B_size": 6,
      "n_valid": 200,
      "n_reg": 200,
      "Omega_J": {
        "point": 0.8206465916129484,
        "median": 0.820728061594836,
        "p5": 0.8106355646295589,
        "p95": 0.8309451370391663
      },
      "D_edge": {
        "point": 0.8983692353675727,
        "median": 0.8985659291606749,
        "p5": 0.8706762416385875,
        "p95": 0.9278669098105252
      }
    },
    {
      "label": "12x8 / Y64_swing",
      "n_cv": 12,
      "n_f": 8,
      "feat_idx": 5,
      "n_visited": 44,
      "n_total": 96,
      "A_size": 14,
      "B_size": 9,
      "n_valid": 200,
      "n_reg": 200,
      "Omega_J": {
        "point": 0.7401847526760685,
        "median": 0.7432760381072077,
        "p5": 0.7291418765983839,
        "p95": 0.7678860875387176
      },
      "D_edge": {
        "point": 1.2226564212279567,
        "median": 1.218539422190424,
        "p5": 1.151143456520081,
        "p95": 1.2576710691907076
      }
    },
    {
      "label": "12x8 / Sw1-Sw2_couple",
      "n_cv": 12,
      "n_f": 8,
      "feat_idx": 2,
      "n_visited": 24,
      "n_total": 96,
      "A_size": 8,
      "B_size": 5,
      "n_valid": 200,
      "n_reg": 200,
      "Omega_J": {
        "point": 0.6254304588649966,
        "median": 0.6279208646881722,
        "p5": 0.5838677685880366,
        "p95": 0.655419886798575
      },
      "D_edge": {
        "point": 1.9389100455834494,
        "median": 1.933618923916083,
        "p5": 1.85333511162174,
        "p95": 1.9769540610453777
      }
    },
    {
      "label": "12x8 / alpha5_align",
      "n_cv": 12,
      "n_f": 8,
      "feat_idx": 7,
      "n_visited": 42,
      "n_total": 96,
      "A_size": 11,
      "B_size": 12,
      "n_valid": 200,
      "n_reg": 200,
      "Omega_J": {
        "point": 0.8179529752100876,
        "median": 0.8206599322071987,
        "p5": 0.8058645815185363,
        "p95": 0.8365931208034995
      },
      "D_edge": {
        "point": 1.4807887723984827,
        "median": 1.4677310065160598,
        "p5": 1.4231121670314681,
        "p95": 1.4994435318887505
      }
    },
    {
      "label": "14x9 / Y64_swing",
      "n_cv": 14,
      "n_f": 9,
      "feat_idx": 5,
      "n_visited": 50,
      "n_total": 126,
      "A_size": 12,
      "B_size": 9,
      "n_valid": 200,
      "n_reg": 200,
      "Omega_J": {
        "point": 0.708113860270448,
        "median": 0.7194617787912613,
        "p5": 0.6904992192862776,
        "p95": 0.7750477663806025
      },
      "D_edge": {
        "point": 1.429459756922176,
        "median": 1.4225735062890994,
        "p5": 1.325028430193443,
        "p95": 1.5181827982413802
      }
    },
    {
      "label": "14x9 / Sw1-Sw2_couple",
      "n_cv": 14,
      "n_f": 9,
      "feat_idx": 2,
      "n_visited": 28,
      "n_total": 126,
      "A_size": 8,
      "B_size": 5,
      "n_valid": 200,
      "n_reg": 200,
      "Omega_J": {
        "point": 0.7254396847628806,
        "median": 0.7052352088570308,
        "p5": 0.6382022141531807,
        "p95": 0.7584186628699627
      },
      "D_edge": {
        "point": 1.651795354417723,
        "median": 1.6407202653441195,
        "p5": 1.4663706485177472,
        "p95": 1.7443402272171893
      }
    },
    {
      "label": "14x9 / alpha5_align",
      "n_cv": 14,
      "n_f": 9,
      "feat_idx": 7,
      "n_visited": 54,
      "n_total": 126,
      "A_size": 12,
      "B_size": 14,
      "n_valid": 200,
      "n_reg": 200,
      "Omega_J": {
        "point": 0.8522603328589038,
        "median": 0.8549549120688951,
        "p5": 0.8369001978623228,
        "p95": 0.8741776629773615
      },
      "D_edge": {
        "point": 1.407141690240702,
        "median": 1.393404565261767,
        "p5": 1.3403204430545594,
        "p95": 1.4454030478001965
      }
    }
  ]
}