{
  "n": 200,
  "mfpt_0": 7392.08713513415,
  "gap_0": 0.00027175135907330037,
  "U_max": 3.0,
  "u_per_state": [
    3.0,
    3.0,
    3.0,
    3.0,
    3.0,
    3.0,
    3.0,
    3.0,
    3.0,
    3.0,
    3.0,
    3.0,
    3.0,
    3.0,
    3.0,
    3.0,
    3.0,
    3.0,
    3.0,
    3.0,
    3.0,
    3.0,
    3.0,
    3.0,
    3.0,
    3.0,
    3.0,
    3.0,
    3.0,
    3.0,
    3.0,
    3.0,
    3.0,
    2.731617307743474,
    2.382790646031198,
    2.3827907606842924,
    2.7316173513246436,
    3.0,
    3.0,
    3.0,
    2.810128757813778,
    2.554677719517585,
    2.303221665322192,
    1.9160609960734412,
    1.3945658901105984,
    1.394565665801526,
    1.9160609649320848,
    2.3032216788235984,
    2.5546777217656613,
    2.8101287576207006,
    2.303560932427179,
    2.0527407547546628,
    1.7281033704894475,
    1.209069733055259,
    0.4496723908092213,
    0.4496714925239798,
    1.2090697070585896,
    1.7281033755896094,
    2.0527407657876284,
    2.303560935805079,
    1.7145104146972734,
    1.4845000817750684,
    1.1069507680128328,
    0.46479658770036547,
    -0.4960398289285394,
    -0.49603574153283986,
    0.4647967850437107,
    1.1069507971987724,
    1.4845000877204158,
    1.7145104167226108,
    0.5338482265406946,
    0.37946719337806734,
    0.021694236281076668,
    -0.6949623960925619,
    -1.5014564488853044,
    -1.5014603734527396,
    -0.6949623900312181,
    0.021694257146430914,
    0.37946719440292964,
    0.5338482269952544,
    -2.135882362933128,
    -2.1743546635422146,
    -2.345206836881749,
    -2.8651572079235237,
    -3.0,
    -3.0,
    -2.865157314087677,
    -2.345206862700408,
    -2.1743546646714393,
    -2.1358823633419264,
    -3.0,
    -3.0,
    -3.0,
    -3.0,
    -3.0,
    -3.0,
    -3.0,
    -3.0,
    -3.0,
    -3.0,
    -3.0,
    -3.0,
    -3.0,
    -3.0,
    -3.0,
    -3.0,
    -3.0,
    -3.0,
    -3.0,
    -3.0,
    -3.0,
    -3.0,
    -3.0,
    -3.0,
    -3.0,
    -3.0,
    -3.0,
    -3.0,
    -3.0,
    -3.0,
    -2.0217904864030953,
    -2.1173141861232065,
    -2.576985440731118,
    -3.0,
    -3.0,
    -3.0,
    -3.0,
    -2.576985440592436,
    -2.1173141861171745,
    -2.021790486420459,
    -1.531998976206255,
    -1.7311152242312577,
    -2.214019966405344,
    -2.912447226313604,
    -3.0,
    -3.0,
    -2.912447226290589,
    -2.214019966416701,
    -1.7311152242309473,
    -1.5319989762031279,
    -1.7687267238956141,
    -2.019400820722553,
    -2.4628704133130954,
    -2.947349456192599,
    -3.0,
    -3.0,
    -2.9473494561900604,
    -2.4628704133495036,
    -2.0194008207355214,
    -1.7687267238950533,
    -2.1387495402279995,
    -2.391916048745903,
    -2.747393869162451,
    -3.0,
    -3.0,
    -3.0,
    -3.0,
    -2.74739386915214,
    -2.391916048729241,
    -2.138749540236623,
    -2.620478238234953,
    -2.819812636756191,
    -3.0,
    -3.0,
    -3.0,
    -3.0,
    -3.0,
    -3.0,
    -2.81981263673116,
    -2.6204782382385368,
    -3.0,
    -3.0,
    -3.0,
    -3.0,
    -3.0,
    -3.0,
    -3.0,
    -3.0,
    -3.0,
    -3.0,
    -3.0,
    -3.0,
    -3.0,
    -3.0,
    -3.0,
    -3.0,
    -3.0,
    -3.0,
    -3.0,
    -3.0,
    0.0,
    0.0,
    0.0,
    0.0,
    0.0,
    0.0,
    0.0,
    0.0,
    0.0,
    0.0
  ],
  "mfpt_per_state": 86.82390322355351,
  "gap_per_state": 0.0159239160599869,
  "mfpt_speedup_per_state": 85.1388484125283,
  "gap_speedup_per_state": 58.59737413748018
}