{
  "U_max": 3.0,
  "mfpt_0": 7392.08713513415,
  "gap_0": 0.00027175135907330037,
  "u_flat": [
    1.7071642728280505,
    2.4972877296181775,
    3.0,
    3.0,
    3.0,
    3.0,
    3.0,
    3.0,
    2.497287729618189,
    1.7071642728280665,
    1.5480494595696905,
    2.33817291635982,
    2.930765508953302,
    3.0,
    3.0,
    3.0,
    3.0,
    2.9307655089533045,
    2.338172916359831,
    1.5480494595697047,
    1.13945735158672,
    1.9295808083768602,
    2.522173401044271,
    2.9172351626111173,
    3.0,
    3.0,
    2.917235162611111,
    2.522173401044272,
    1.9295808083768717,
    1.139457351586742,
    0.5756316585122363,
    1.365755115302754,
    1.958347711511224,
    2.3534110432009303,
    2.550974173867168,
    2.5509741738671705,
    2.3534110432009223,
    1.958347711511217,
    1.3657551153027647,
    0.5756316585122541,
    -0.062155108198914455,
    0.7279683486019524,
    1.3205610416214881,
    1.7156672998949958,
    1.9140943324492818,
    1.9140943324492659,
    1.7156672998949922,
    1.3205610416214828,
    0.7279683486019799,
    -0.06215510819886649,
    -0.7211807449836014,
    0.06894271197767665,
    0.6615369073798956,
    1.0573093308656665,
    1.2691430064295437,
    1.2691430064295455,
    1.0573093308656505,
    0.6615369073799062,
    0.06894271197772106,
    -0.7211807449835073,
    -1.4822333918072657,
    -0.6921099334476004,
    -0.09950264119197527,
    0.3020770032171889,
    0.6307815936343699,
    0.630781593634377,
    0.3020770032171898,
    -0.09950264119191399,
    -0.6921099334475533,
    -1.4822333918070578,
    -2.820324987533838,
    -2.0302015224727574,
    -1.4375314611451797,
    -1.0081196455720525,
    -0.11928976472862107,
    -0.11928976472862818,
    -1.0081196455720578,
    -1.4375314611452348,
    -2.030201522472141,
    -2.820324987534062,
    -3.0,
    -3.0,
    -3.0,
    -3.0,
    -1.139913082218727,
    -1.1399130822187837,
    -3.0,
    -3.0,
    -3.0,
    -3.0,
    -3.0,
    -3.0,
    -3.0,
    -3.0,
    -2.0692920908741916,
    -2.0692920908740637,
    -3.0,
    -3.0,
    -3.0,
    -3.0,
    -3.0,
    -3.0,
    -3.0,
    -3.0,
    -2.069292090875332,
    -2.0692920908756447,
    -3.0,
    -3.0,
    -3.0,
    -3.0,
    -3.0,
    -3.0,
    -3.0,
    -3.0,
    -1.1399130822211978,
    -1.1399130822211374,
    -3.0,
    -3.0,
    -3.0,
    -3.0,
    -2.8203249875370124,
    -2.0302015224755143,
    -1.4375314611482226,
    -1.0081196455750279,
    -0.11928976473157604,
    -0.11928976473158492,
    -1.0081196455750208,
    -1.4375314611480876,
    -2.0302015224760988,
    -2.8203249875366305,
    -1.4822333918102713,
    -0.692109933450709,
    -0.09950264119507768,
    0.30207700321408915,
    0.6307815936312613,
    0.6307815936312648,
    0.3020770032140687,
    -0.099502641195099,
    -0.6921099334506495,
    -1.4822333918103316,
    -0.7211807449866887,
    0.06894271197456625,
    0.6615369073767523,
    1.057309330862502,
    1.269143006426395,
    1.2691430064263916,
    1.057309330862501,
    0.6615369073767523,
    0.06894271197455737,
    -0.7211807449866772,
    -0.06215510820204084,
    0.7279683485988029,
    1.3205610416183102,
    1.7156672998918152,
    1.9140943324460933,
    1.9140943324460924,
    1.7156672998918134,
    1.3205610416183102,
    0.7279683485988038,
    -0.06215510820204173,
    0.5756316585090557,
    1.3657551152995655,
    1.9583477115080203,
    2.3534110431977266,
    2.550974173863966,
    2.550974173863966,
    2.3534110431977293,
    1.9583477115080186,
    1.3657551152995655,
    0.575631658509054,
    1.1394573515835091,
    1.9295808083736432,
    2.522173401041046,
    2.9172351626078914,
    3.0,
    3.0,
    2.9172351626078905,
    2.522173401041046,
    1.9295808083736405,
    1.1394573515835091,
    1.5480494595664567,
    2.338172916356582,
    2.9307655089500653,
    3.0,
    3.0,
    3.0,
    3.0,
    2.9307655089500653,
    2.338172916356582,
    1.5480494595664576,
    1.7071642728248095,
    2.4972877296149347,
    3.0,
    3.0,
    3.0,
    3.0,
    3.0,
    3.0,
    2.497287729614933,
    1.7071642728248086
  ],
  "u_spectral": [
    1.9732853726364583,
    2.7002240736786245,
    2.968706855468948,
    3.0,
    2.9999999995526236,
    2.9999999995528333,
    3.0,
    2.9687068554699594,
    2.7002240736799674,
    1.973285372638078,
    2.5002281585233095,
    3.0,
    3.0,
    3.0,
    3.0,
    3.0,
    3.0,
    3.0,
    3.0,
    2.5002281585248864,
    2.1814368068126146,
    2.9428423880794,
    3.0,
    3.0,
    3.0,
    3.0,
    3.0,
    3.0,
    2.9428423880806345,
    2.181436806814081,
    1.2947412960332283,
    2.0703391220984573,
    2.375316247656076,
    2.446862310412956,
    2.4431037355070107,
    2.44310373550719,
    2.4468623104134837,
    2.3753162476569205,
    2.070339122099568,
    1.294741296034533,
    0.08324285739804194,
    0.8710054647191374,
    1.185106176218651,
    1.2627346296034545,
    1.2620172500114601,
    1.2620172500116174,
    1.2627346296039157,
    1.1851061762193842,
    0.8710054647200898,
    0.0832428573991385,
    -1.2446860251960334,
    -0.446786100161647,
    -0.12508240037717078,
    -0.0423852881357335,
    -0.04056833829942408,
    -0.04056833829929363,
    -0.042385288135350585,
    -0.1250824003765677,
    -0.4467861001608796,
    -1.244686025195179,
    -2.515401615168058,
    -1.7093918359629545,
    -1.3816057455504471,
    -1.294853706223666,
    -1.2910092928446981,
    -1.2910092928445946,
    -1.2948537062233676,
    -1.3816057455499884,
    -1.7093918359623919,
    -2.5154016151674705,
    -3.0,
    -2.7778967534198187,
    -2.445548870036211,
    -2.3557556353953717,
    -2.3503906243593895,
    -2.350390624359316,
    -2.3557556353951625,
    -2.445548870035903,
    -2.7778967534194696,
    -3.0,
    -3.0,
    -3.0,
    -3.0,
    -3.0,
    -3.0,
    -3.0,
    -3.0,
    -3.0,
    -3.0,
    -3.0,
    -3.0,
    -3.0,
    -3.0,
    -3.0,
    -3.0,
    -3.0,
    -3.0,
    -3.0,
    -3.0,
    -3.0,
    -3.0,
    -3.0,
    -3.0,
    -3.0,
    -3.0,
    -3.0,
    -3.0,
    -3.0,
    -3.0,
    -3.0,
    -3.0,
    -3.0,
    -3.0,
    -3.0,
    -3.0,
    -3.0,
    -3.0,
    -3.0,
    -3.0,
    -3.0,
    -3.0,
    -2.777896753381742,
    -2.4455488699965433,
    -2.355755635354684,
    -2.350390624318257,
    -2.3503906243183135,
    -2.3557556353548703,
    -2.4455488699968977,
    -2.7778967533823344,
    -3.0,
    -2.515401615110262,
    -1.7093918359021227,
    -1.3816057454873785,
    -1.2948537061591625,
    -1.2910092927795631,
    -1.2910092927796346,
    -1.294853706159392,
    -1.3816057454878097,
    -1.7093918359028204,
    -2.5154016151113257,
    -1.2446860251088379,
    -0.44678610007053476,
    -0.12508240028316908,
    -0.04238528803987318,
    -0.0405683382027382,
    -0.04056833820281802,
    -0.04238528804012642,
    -0.12508240028363893,
    -0.4467861000712924,
    -1.2446860251099827,
    0.08324285752430005,
    0.8710054648502039,
    1.1851061763532704,
    1.2627346297403674,
    1.2620172501494031,
    1.2620172501493232,
    1.2627346297401136,
    1.1851061763527988,
    0.8710054648494416,
    0.08324285752314464,
    1.2947412962103566,
    2.070339122281298,
    2.375316247843146,
    2.4468623106027674,
    2.44310373569807,
    2.443103735697999,
    2.4468623106025404,
    2.3753162478427177,
    2.0703391222805942,
    1.2947412962092715,
    2.1814368070545718,
    2.9428423883279895,
    3.0,
    3.0,
    3.0,
    3.0,
    3.0,
    3.0,
    2.942842388327416,
    2.181436807053648,
    2.5002281588462045,
    3.0,
    3.0,
    3.0,
    3.0,
    3.0,
    3.0,
    3.0,
    3.0,
    2.5002281588455433,
    1.9732853730585416,
    2.7002240741092325,
    2.968706855905916,
    3.0,
    2.999999999995768,
    2.9999999999957927,
    3.0,
    2.9687068559059444,
    2.7002240741091588,
    1.9732853730582542
  ],