{
  "note": "option C sweeps re-seeded with the consolidated best theta",
  "headline": {
    "spectral": 68.29472180421826,
    "mfpt": 60.577
  },
  "budgets": [
    0.5,
    1.0,
    2.0,
    3.0,
    4.5,
    6.0,
    8.0
  ],
  "budget_gap_poly_C": [
    2.3095945919705225,
    5.141668556813915,
    21.64937795983088,
    68.29472180421826,
    221.26486066461385,
    451.49209415053855,
    705.9022438538525
  ],
  "budget_mfpt_poly_C": [
    2.306,
    5.187,
    21.545,
    60.577,
    139.93777342429954,
    232.65650583361676,
    335.2761056581708
  ],
  "barriers": [
    1.0,
    1.5,
    2.0,
    3.0,
    4.0,
    5.0,
    6.5,
    8.0
  ],
  "regime_FE": [
    8.568324783196719,
    9.065558536773054,
    9.562792290355336,
    10.557259797506292,
    11.551727304671564,
    12.546194811846654,
    14.037896072767806,
    15.529597334501682
  ],
  "regime_gap_poly_C": [
    20.65264737706461,
    25.269753457715197,
    31.05125016841324,
    46.63955728393091,
    68.29472180421826,
    95.49035538792292,
    141.27730533688785,
    182.7054993454277
  ],
  "regime_mfpt_poly_C": [
    12.921690729314447,
    17.099427629601966,
    22.44834129031432,
    37.36142114510752,
    60.577,
    87.94689503302394,
    130.29353623115662,
    191.19026394770322
  ],
  "consistent": true
}