{
  "note": "option C: gap AND mfpt of the SPECTRAL-optimal polynomial (poly_spec)",
  "budgets": [
    0.5,
    1.0,
    2.0,
    3.0,
    4.5,
    6.0,
    8.0
  ],
  "budget_gap_poly": [
    2.3095945919705225,
    5.141668556813915,
    21.64937795983088,
    68.29472180421826,
    221.26486066461385,
    451.49209415053855,
    705.9022438538525
  ],
  "budget_mfpt_poly": [
    2.2921721010562375,
    5.006254306512325,
    18.202010454689606,
    33.19425705996824,
    14.597504204849482,
    2.112584473876614,
    0.21832089755270997
  ],
  "barriers": [
    1.0,
    1.5,
    2.0,
    3.0,
    4.0,
    5.0,
    6.5,
    8.0
  ],
  "regime_FE": [
    8.568324783196719,
    9.065558536773054,
    9.562792290355336,
    10.557259797506292,
    11.551727304671564,
    12.546194811846654,
    14.037896072767806,
    15.529597334501682
  ],
  "regime_gap_poly": [
    20.65264737706461,
    25.269753457715197,
    31.05125016841324,
    46.63955728393091,
    68.29472180421826,
    95.49035538792292,
    141.27730533688785,
    182.7054993454277
  ],
  "regime_mfpt_poly": [
    1.766203658818238,
    3.022475775923293,
    5.139089830576705,
    14.162675352748991,
    33.19092756154464,
    64.50825587509297,
    124.23251630287412,
    176.70929116184212
  ]
}