{
  "A": 189,
  "B": 219,
  "n_states": 250,
  "FE_range_kT": 5.78817433878028,
  "mfpt_ref_AB_steps": 79.74779618987017,
  "n_windows": 12,
  "steps_per_window": 2000,
  "kappa": 2.0,
  "unbiased": {
    "rmsd": 0.24927749325846507,
    "covered": 249,
    "mfpt": 80.91032518369083,
    "err_pct": 1.4577568903005322
  },
  "cv_results": {
    "Basic": {
      "rmsd": 0.5242409996389018,
      "covered": 248,
      "mfpt": 64.59132262671936,
      "err_pct": 19.005507722200903
    },
    "EigVec2": {
      "rmsd": 0.3195022617056436,
      "covered": 249,
      "mfpt": 74.60658390933214,
      "err_pct": 6.446839318665813
    },
    "EigVec3": {
      "rmsd": 0.30901755017591714,
      "covered": 250,
      "mfpt": 62.09488325768891,
      "err_pct": 22.135925725335078
    },
    "EigVec4": {
      "rmsd": 0.29200131595754414,
      "covered": 248,
      "mfpt": 72.00714809422425,
      "err_pct": 9.706410039490429
    },
    "EigVec5": {
      "rmsd": 0.34215792667601874,
      "covered": 250,
      "mfpt": 62.17408287936668,
      "err_pct": 22.036613110489647
    },
    "Geodesic": {
      "rmsd": 0.5314933914554589,
      "covered": 250,
      "mfpt": 64.23591040280066,
      "err_pct": 19.451177998872257
    }
  }
}