{
  "n": 200,
  "gap0": 0.00027175135907330037,
  "U_max": 3.0,
  "gap_polynomial": 0.018744867410438047,
  "speedup_polynomial": 68.97800796419176,
  "gap_per_state": 0.024809718128003123,
  "speedup_per_state": 91.2956542797312,
  "u_polynomial": [
    1.9732853726364583,
    2.7002240736786245,
    2.968706855468948,
    3.0,
    2.9999999995526236,
    2.9999999995528333,
    3.0,
    2.9687068554699594,
    2.7002240736799674,
    1.973285372638078,
    2.5002281585233095,
    3.0,
    3.0,
    3.0,
    3.0,
    3.0,
    3.0,
    3.0,
    3.0,
    2.5002281585248864,
    2.1814368068126146,
    2.9428423880794,
    3.0,
    3.0,
    3.0,
    3.0,
    3.0,
    3.0,
    2.9428423880806345,
    2.181436806814081,
    1.2947412960332283,
    2.0703391220984573,
    2.375316247656076,
    2.446862310412956,
    2.4431037355070107,
    2.44310373550719,
    2.4468623104134837,
    2.3753162476569205,
    2.070339122099568,
    1.294741296034533,
    0.08324285739804194,
    0.8710054647191374,
    1.185106176218651,
    1.2627346296034545,
    1.2620172500114601,
    1.2620172500116174,
    1.2627346296039157,
    1.1851061762193842,
    0.8710054647200898,
    0.0832428573991385,
    -1.2446860251960334,
    -0.446786100161647,
    -0.12508240037717078,
    -0.0423852881357335,
    -0.04056833829942408,
    -0.04056833829929363,
    -0.042385288135350585,
    -0.1250824003765677,
    -0.4467861001608796,
    -1.244686025195179,
    -2.515401615168058,
    -1.7093918359629545,
    -1.3816057455504471,
    -1.294853706223666,
    -1.2910092928446981,
    -1.2910092928445946,
    -1.2948537062233676,
    -1.3816057455499884,
    -1.7093918359623919,
    -2.5154016151674705,
    -3.0,
    -2.7778967534198187,
    -2.445548870036211,
    -2.3557556353953717,
    -2.3503906243593895,
    -2.350390624359316,
    -2.3557556353951625,
    -2.445548870035903,
    -2.7778967534194696,
    -3.0,
    -3.0,
    -3.0,
    -3.0,
    -3.0,
    -3.0,
    -3.0,
    -3.0,
    -3.0,
    -3.0,
    -3.0,
    -3.0,
    -3.0,
    -3.0,
    -3.0,
    -3.0,
    -3.0,
    -3.0,
    -3.0,
    -3.0,
    -3.0,
    -3.0,
    -3.0,
    -3.0,
    -3.0,
    -3.0,
    -3.0,
    -3.0,
    -3.0,
    -3.0,
    -3.0,
    -3.0,
    -3.0,
    -3.0,
    -3.0,
    -3.0,
    -3.0,
    -3.0,
    -3.0,
    -3.0,
    -3.0,
    -3.0,
    -2.777896753381742,
    -2.4455488699965433,
    -2.355755635354684,
    -2.350390624318257,
    -2.3503906243183135,
    -2.3557556353548703,
    -2.4455488699968977,
    -2.7778967533823344,
    -3.0,
    -2.515401615110262,
    -1.7093918359021227,
    -1.3816057454873785,
    -1.2948537061591625,
    -1.2910092927795631,
    -1.2910092927796346,
    -1.294853706159392,
    -1.3816057454878097,
    -1.7093918359028204,
    -2.5154016151113257,
    -1.2446860251088379,
    -0.44678610007053476,
    -0.12508240028316908,
    -0.04238528803987318,
    -0.0405683382027382,
    -0.04056833820281802,
    -0.04238528804012642,
    -0.12508240028363893,
    -0.4467861000712924,
    -1.2446860251099827,
    0.08324285752430005,
    0.8710054648502039,
    1.1851061763532704,
    1.2627346297403674,
    1.2620172501494031,
    1.2620172501493232,
    1.2627346297401136,
    1.1851061763527988,
    0.8710054648494416,
    0.08324285752314464,
    1.2947412962103566,
    2.070339122281298,
    2.375316247843146,
    2.4468623106027674,
    2.44310373569807,
    2.443103735697999,
    2.4468623106025404,
    2.3753162478427177,
    2.0703391222805942,
    1.2947412962092715,
    2.1814368070545718,
    2.9428423883279895,
    3.0,
    3.0,
    3.0,
    3.0,
    3.0,
    3.0,
    2.942842388327416,
    2.181436807053648,
    2.5002281588462045,
    3.0,
    3.0,
    3.0,
    3.0,
    3.0,
    3.0,
    3.0,
    3.0,
    2.5002281588455433,
    1.9732853730585416,
    2.7002240741092325,
    2.968706855905916,
    3.0,
    2.999999999995768,
    2.9999999999957927,
    3.0,
    2.9687068559059444,
    2.7002240741091588,
    1.9732853730582542
  ],
  "u_per_state": [
    3.0,
    3.0,
    3.0,
    3.0,
    3.0,
    3.0,
    3.0,
    3.0,
    3.0,
    3.0,
    3.0,
    3.0,
    3.0,
    3.0,
    3.0,
    3.0,
    3.0,
    3.0,
    3.0,
    3.0,
    3.0,
    3.0,
    3.0,
    3.0,
    3.0,
    3.0,
    3.0,
    3.0,
    3.0,
    3.0,
    3.0,
    3.0,
    3.0,
    2.6247147459079874,
    2.2067060594112933,
    2.2067060594108554,
    2.624714745908554,
    3.0,
    3.0,
    3.0,
    2.763471286186292,
    2.4609686285669534,
    2.1680184290374,
    1.68856767600866,
    1.0807901740235741,
    1.080790174021131,
    1.6885676760076715,
    2.1680184290365534,
    2.4609686285665693,
    2.7634712861841404,
    2.0765499590955785,
    1.8120007365347524,
    1.4703543617962733,
    0.867535961595886,
    -0.010801991446111945,
    -0.010801991446259965,
    0.8675359615964611,
    1.4703543617953885,
    1.8120007365353619,
    2.076549959095636,
    1.319387882314474,
    1.0876995355372647,
    0.7208703944100928,
    0.027641145256705885,
    -1.062509868126901,
    -1.0625098681250753,
    0.027641145257530534,
    0.7208703944112442,
    1.0876995355371035,
    1.3193878823138847,
    -0.01596434066196357,
    -0.17618149274068204,
    -0.510049391226915,
    -1.2613472027558181,
    -2.3967650484113823,
    -2.3967650484185157,
    -1.2613472027551298,
    -0.5100493912277694,
    -0.17618149274021133,
    -0.015964340661929657,
    -3.0,
    -3.0,
    -3.0,
    -3.0,
    -3.0,
    -3.0,
    -3.0,
    -3.0,
    -3.0,
    -3.0,
    -3.0,
    -3.0,
    -3.0,
    -3.0,
    -3.0,
    -3.0,
    -3.0,
    -3.0,
    -3.0,
    -3.0,
    -3.0,
    -3.0,
    -3.0,
    -3.0,
    -3.0,
    -3.0,
    -3.0,
    -3.0,
    -3.0,
    -3.0,
    -3.0,
    -3.0,
    -3.0,
    -3.0,
    -3.0,
    -3.0,
    -3.0,
    -3.0,
    -3.0,
    -3.0,
    -0.015964116448545233,
    -0.17618110763008668,
    -0.5100476275726962,
    -1.2613396753255537,
    -2.3966739784626108,
    -2.396673978456392,
    -1.2613396753263901,
    -0.5100476275733291,
    -0.17618110762933503,
    -0.015964116448212183,
    1.3193881081616023,
    1.0877000524285065,
    0.7208713386960672,
    0.02764621094583822,
    -1.06247720211174,
    -1.0624772021148376,
    0.027646210948820006,
    0.7208713386968775,
    1.0877000524276714,
    1.3193881081622767,
    2.076550127629165,
    1.8120010499061117,
    1.4703553706298318,
    0.8675375551767069,
    -0.010800480962736012,
    -0.01080048096382015,
    0.8675375551750901,
    1.4703553706295092,
    1.8120010499058126,
    2.076550127629685,
    2.7634713974274026,
    2.4609685697536277,
    2.168018900321812,
    1.6885674950432932,
    1.0807875639962943,
    1.0807875639961184,
    1.6885674950461522,
    2.168018900320363,
    2.460968569752015,
    2.763471397426896,
    3.0,
    3.0,
    3.0,
    2.6247144843648056,
    2.2067051795797443,
    2.206705179581982,
    2.6247144843596426,
    3.0,
    3.0,
    3.0,
    3.0,
    3.0,
    3.0,
    3.0,
    3.0,
    3.0,
    3.0,
    3.0,
    3.0,
    3.0,
    3.0,
    3.0,
    3.0,
    3.0,
    3.0,
    3.0,
    3.0,
    3.0,
    3.0,
    3.0,
    3.0,
    3.0,
    3.0,
    3.0,
    3.0,
    3.0,
    3.0,
    3.0,
    3.0,
    3.0
  ]
}