{
  "spectral": {
    "speedup": 68.28799241105689,
    "u": [
      2.1443003866150465,
      2.4267413302840306,
      2.6053078740794593,
      2.711462071689403,
      2.766007485659862,
      2.779089187394723,
      2.7501937571558064,
      2.668149284062824,
      2.5111253660934105,
      2.2466331100831005,
      2.899105567541205,
      2.9764924399657273,
      2.998023171627512,
      2.99527526171164,
      2.9891677182610983,
      2.989961058176788,
      2.9972573072175157,
      2.9999999999999996,
      2.976474179998874,
      2.894306399546681,
      2.9828129690570107,
      2.8802579269749584,
      2.7644745979844503,
      2.667155926767577,
      2.609336366864316,
      2.6013918806725607,
      2.6430399394481263,
      2.7233395233047397,
      2.8206911212140238,
      2.9028367310055243,
      2.6013338080185826,
      2.343536464815741,
      2.1097482833021877,
      1.931777653657007,
      1.830774474917177,
      1.817230154977607,
      1.8909776105911014,
      2.0411912673683825,
      2.24638705977808,
      2.4744224311467407,
      1.9350211084713145,
      1.5462685341813458,
      1.21337216492187,
      0.9682558363689693,
      0.8321848930566254,
      0.8157661883767465,
      0.9189480845791377,
      1.1310204527715175,
      1.4306146729195244,
      1.7857036338467003,
      1.138669701649833,
      0.6428364229542898,
      0.2293159873739058,
      -0.06985232391824014,
      -0.23328772089115787,
      -0.2502679046559481,
      -0.12072906746580743,
      0.14473410728399663,
      0.5248684450560882,
      0.9877622801710129,
      0.34151622597802134,
      -0.23793577379365502,
      -0.7140086976220476,
      -1.0545478188370767,
      -1.2380569019107486,
      -1.2536982024571703,
      -1.1012924672325277,
      -0.7913189341350993,
      -0.3449153322052529,
      0.20612211837455355,
      -0.35276087293098685,
      -0.9927821538014673,
      -1.5137485311570793,
      -1.8833898328307386,
      -2.0800943777974568,
      -2.0929089761743405,
      -1.9215389292205671,
      -1.57634802933742,
      -1.0783585600682648,
      -0.45925129609856397,
      -0.8660413422748042,
      -1.54399500761888,
      -2.092608347133034,
      -2.4794957431531923,
      -2.6829300691573583,
      -2.691842689765636,
      -2.5058234607402143,
      -2.135120728985372,
      -1.6006413325474724,
      -0.9339506006149725,
      -1.1457631220618,
      -1.839424818606368,
      -2.398851172262503,
      -2.7915411198691347,
      -2.9956520894072662,
      -3.0000000000000004,
      -2.804059261912521,
      -2.417962776552114,
      -1.8625019364681374,
      -1.169126625352049,
      -1.1649223451110875,
      -1.8524802629351569,
      -2.406298226068828,
      -2.793759725854019,
      -2.992906744774744,
      -2.992439756457101,
      -2.791717725669278,
      -2.400758108321547,
      -1.840236851466283,
      -1.141488393297939,
      -0.9220733370525314,
      -1.5821282095872269,
      -2.1143289208860967,
      -2.485943516794054,
      -2.6748985342981126,
      -2.6697790015273717,
      -2.4698284377530206,
      -2.084948853388333,
      -1.5357007499886735,
      -0.8533031202515026,
      -0.4413286163267455,
      -1.0528937203553095,
      -1.5478808618591515,
      -1.893442641186192,
      -2.0673901498264415,
      -2.0581929704119957,
      -1.8649791767170476,
      -1.4975353336578703,
      -0.9763064972928326,
      -0.3323962148223861,
      0.2276411058149073,
      -0.31486004984287314,
      -0.7574498469435774,
      -1.0671654403381285,
      -1.2217024760195354,
      -1.2094150911228951,
      -1.0293159139253985,
      -0.6910760638463194,
      -0.215025151447023,
      0.3678487215690373,
      1.0096069253103128,
      0.5563313545358554,
      0.18091013309428466,
      -0.08357844836832123,
      -0.2147145903479627,
      -0.20073698448274838,
      -0.040542813552860366,
      0.2563122485194233,
      0.6696140366697436,
      1.1684898946916384,
      1.8037817452866125,
      1.4594808525559022,
      1.1655868946773469,
      0.9552936077940356,
      0.8511362369069566,
      0.8649915358750172,
      0.9980777674150214,
      1.240954703101702,
      1.5735236233676917,
      1.9650273175035287,
      2.483820276060189,
      2.267830611181527,
      2.0694100614177664,
      1.9218678084089789,
      1.847854542653164,
      1.8593624635062203,
      1.9577252791819626,
      2.133618206752113,
      2.3670579721463088,
      2.627402810152093,
      2.8978190351366835,
      2.8290646045662764,
      2.739651064116961,
      2.6630030409258185,
      2.621886670987847,
      2.628409599155943,
      2.6840209791409206,
      2.7795114735115067,
      2.895013253694334,
      2.99999999997395,
      2.868316347210986,
      2.9653086140529163,
      2.998023140765595,
      2.9999999999831064,
      2.994120773197444,
      2.992608550758504,
      2.99702793187411,
      2.9982850246099795,
      2.9766274458897515,
      2.9016443214949716,
      2.192292344167233,
      2.4731302281734697,
      2.6406813365435733,
      2.7286011874086338,
      2.7598868077576317,
      2.7468767334374813,
      2.69125100915299,
      2.584031188466881,
      2.4055803337997954,
      2.1256030164302784
    ],
    "theta": [
      2.3782151623192025,
      0.005338419664756756,
      -0.0010111731177226714,
      0.8506875295509835,
      0.01428568619111601,
      0.13170141617432557,
      -0.004583149301500505,
      0.0005018903598985998,
      -0.000517244782494956,
      0.0007921494261408467,
      -0.4979438249284105,
      -0.013220902401804442,
      -0.09765096693135729,
      0.0009040213011816087,
      -0.012251302815493092
    ]
  },
  "mfpt": {
    "speedup": 59.57940503849377,