{
  "U_max": 3.0,
  "gap0": 0.0002717513590726139,
  "mfpt0": 7392.087135132933,
  "alpha_smooth": 0.001,
  "constraint": "option B: pure box, u = clip(deg-4 poly)",
  "spectral": {
    "speedup": 87.65591260552631,
    "u": [
      3.0,
      3.0,
      3.0,
      3.0,
      3.0,
      3.0,
      3.0,
      3.0,
      3.0,
      3.0,
      3.0,
      3.0,
      3.0,
      3.0,
      3.0,
      3.0,
      3.0,
      3.0,
      3.0,
      3.0,
      3.0,
      3.0,
      3.0,
      3.0,
      3.0,
      3.0,
      3.0,
      3.0,
      3.0,
      3.0,
      3.0,
      3.0,
      3.0,
      2.932128907671002,
      2.659569682666135,
      2.6595696826661546,
      2.932128907671059,
      3.0,
      3.0,
      3.0,
      3.0,
      2.8265263860585064,
      2.265931286700144,
      1.7629976420285587,
      1.4727697461629676,
      1.4727697461629798,
      1.762997642028595,
      2.265931286700204,
      2.8265263860585894,
      3.0,
      2.034148399956423,
      1.5894856045920838,
      0.9846609933601964,
      0.45224100743959106,
      0.14726994094948598,
      0.14726994094949408,
      0.45224100743961204,
      0.9846609933602362,
      1.5894856045921486,
      2.034148399956524,
      0.8714758699059748,
      0.3795423929884436,
      -0.26073522940833954,
      -0.8167905561055471,
      -1.1335792929839548,
      -1.1335792929839523,
      -0.8167905561055375,
      -0.2607352294083158,
      0.37954239298850073,
      0.8714758699060835,
      -0.12909688795514618,
      -0.6565990454810305,
      -1.3235531783340853,
      -1.8973928453354727,
      -2.2230737523659756,
      -2.2230737523659765,
      -1.8973928453354727,
      -1.3235531783340688,
      -0.6565990454809767,
      -0.12909688795501895,
      -0.857511907074526,
      -1.4088807442639306,
      -2.0937348868646266,
      -2.679507893697778,
      -3.0,
      -3.0,
      -2.679507893697787,
      -2.093734886864617,
      -1.408880744263874,
      -0.8575119070743775,
      -1.2403574576187362,
      -1.8038909735268227,
      -2.497868625166533,
      -3.0,
      -3.0,
      -3.0,
      -3.0,
      -2.4978686251665274,
      -1.8038909735267585,
      -1.2403574576185574,
      -1.2408680464733075,
      -1.8048642401552428,
      -2.499188900125341,
      -3.0,
      -3.0,
      -3.0,
      -3.0,
      -2.499188900125335,
      -1.8048642401551678,
      -1.2408680464730981,
      -0.8589244172427475,
      -1.411681287753695,
      -2.097576455345555,
      -2.6840434788394916,
      -3.0,
      -3.0,
      -2.684043478839511,
      -2.0975764553455494,
      -1.4116812877536091,
      -0.8589244172425051,
      -0.13105355025054521,
      -0.660869096645669,
      -1.3295582711506635,
      -1.9045546325866924,
      -2.230813886834525,
      -2.2308138868345364,
      -1.9045546325867173,
      -1.3295582711506606,
      -0.6608690966455729,
      -0.1310535502502701,
      0.8695713374608539,
      0.37439911612638826,
      -0.26830756458311644,
      -0.8259822634888196,
      -1.1435806864714926,
      -1.1435806864715057,
      -0.8259822634888504,
      -0.2683075645831157,
      0.3743991161264917,
      0.8695713374611582,
      2.033130792130021,
      1.5843038968010486,
      0.9763562105956607,
      0.44185417469269794,
      0.13584208321139635,
      0.13584208321137892,
      0.44185417469266364,
      0.9763562105956558,
      1.5843038968011567,
      2.0331307921303505,
      3.0,
      2.8223795548979123,
      2.2579673639052658,
      1.7524889914774628,
      1.4609887317337376,
      1.4609887317337178,
      1.7524889914774198,
      2.2579673639052533,
      2.822379554898019,
      3.0,
      3.0,
      3.0,
      3.0,
      2.9228102596660968,
      2.648747331896157,
      2.6487473318961325,
      2.9228102596660435,
      3.0,
      3.0,
      3.0,
      3.0,
      3.0,
      3.0,
      3.0,
      3.0,
      3.0,
      3.0,
      3.0,
      3.0,
      3.0,
      3.0,
      3.0,
      3.0,
      3.0,
      3.0,
      3.0,
      3.0,
      3.0,
      3.0,
      3.0,
      3.0,
      3.0,
      3.0,
      3.0,
      3.0,
      3.0,
      3.0,
      3.0,
      3.0,
      3.0
    ],
    "theta": [
      1.2849002564949887,
      -0.009726050013248574,
      -2.2288616500849684e-14,
      6.21662870482158,
      -3.2541678242763784e-14,
      1.276200824436999,
      0.007446808965476872,
      1.5109150379168976e-14,
      0.003666319103950919,
      6.608665165834183e-14,
      -3.9957986321769727,
      -3.7930187137227864e-14,
      -0.2966055483475063,
      7.162089654804086e-14,
      -0.4986965235154849
    ]
  },
  "mfpt": {
    "speedup": 84.85457983626212,
    "gap_speedup": 58.41279484484093,
    "u": [
      3.0,
      3.0,
      3.0,
      3.0,
      3.0,
      3.0,
      3.0,
      3.0,
      3.0,
      3.0,
      3.0,
      3.0,
      3.0,
      3.0,
      3.0,
      3.0,
      3.0,
      3.0,
      3.0,
      3.0,
      3.0,
      3.0,
      3.0,
      3.0,
      3.0,
      3.0,
      3.0,
      3.0,
      3.0,
      3.0,
      3.0,
      3.0,
      3.0,
      2.750810236699056,
      2.4190050609091247,
      2.4148456038073918,
      2.7284773023687756,
      3.0,
      3.0,
      2.8637264989104967,
      2.8182326987912196,
      2.9145513352210064,
      2.3916153110536276,
      1.7641917136498653,
      1.3727911501791907,
      1.3836677476197088,
      1.788819152758157,
      2.405986532189945,
      2.878654572319144,
      2.676051479358436,
      2.4522716337878068,
      2.3701929512399698,
      1.7098696444583212,
      0.9879210106154854,
      0.5467098666927925,
      0.5543425494801606,
      1.0046689155761928,
      1.7172823413881435,
      2.33751972313193,
      2.3364614768320813,
      1.8079457012560836,
      1.6537636845860268,
      0.9342823036214085,
      0.16797306534671197,
      -0.3009490034449027,
      -0.30252535615165765,
      0.15894607363690927,
      0.9049108721398762,
      1.5825581453849982,
      1.6648205192086598,
      0.5222613284300497,
      0.41458481084756627,
      -0.2735105875143047,
      -1.0217011498592434,
      -1.4839196395822363,
      -1.4883553002696543,
      -1.0374538556992192,
      -0.30791750983997934,
      0.3492950531476442,
      0.4089686689118954,
      -1.8397990229098289,
      -1.7700463598405307,
      -2.3238968704595377,
      -2.9791746281586695,
      -3.0,
      -3.0,
      -2.9456593205252837,
      -2.2700164042901148,
      -1.6987683049644016,
      -1.7552779770880569,
      -3.0,
      -3.0,
      -3.0,
      -3.0,
      -3.0,
      -3.0,
      -3.0,
      -3.0,
      -3.0,
      -3.0,
      -3.0,
      -3.0,
      -3.0,
      -3.0,
      -3.0,
      -3.0,
      -3.0,
      -3.0,
      -3.0,
      -3.0,
      -3.0,
      -3.0,
      -3.0,
      -3.0,
      -3.0,
      -3.0,
      -3.0,
      -3.0,
      -3.0,
      -3.0,
      -3.0,
      -3.0,
      -3.0,
      -3.0,
      -3.0,
      -3.0,
      -3.0,
      -3.0,
      -3.0,
      -3.0,
      -3.0,
      -3.0,
      -3.0,
      -3.0,
      -3.0,
      -3.0,
      -3.0,
      -3.0,
      -3.0,
      -3.0,
      -3.0,
      -3.0,
      -3.0,
      -3.0,
      -3.0,
      -3.0,
      -3.0,
      -3.0,
      -3.0,
      -3.0,
      -3.0,
      -3.0,
      -3.0,
      -3.0,
      -3.0,
      -3.0,
      -3.0,
      -3.0,
      -3.0,
      -3.0,
      -3.0,
      -3.0,
      -3.0,
      -3.0,
      -3.0,
      -3.0,
      -3.0,
      -3.0,
      -3.0,
      -3.0,
      -3.0,
      -3.0,
      -3.0,
      -3.0,
      -3.0,
      -3.0,
      -3.0,
      -3.0,
      -3.0,
      -3.0,
      -3.0,
      -3.0,
      -3.0,
      -3.0,
      -3.0,
      -3.0,
      -3.0,
      -3.0,
      -3.0,
      -3.0,
      -3.0,
      -3.0,
      -3.0,
      -3.0,
      -3.0,
      -3.0,
      -3.0,
      -3.0,
      -3.0,
      -3.0
    ],