{
  "U_max": 3.0,
  "gap0": 0.0002717513590726139,
  "mfpt0": 7392.087135132933,
  "alpha_smooth": 0.001,
  "constraint": "option C robust: smooth deg-4 poly, spread<=2U, warm-started",
  "spectral": {
    "speedup": 65.80573140113404,
    "value": 0.01788279694302556,
    "u": [
      2.0751504319665433,
      2.4607276451848232,
      2.6061243886325025,
      2.628607997183169,
      2.609825457190619,
      2.5958034064887374,
      2.596948134391616,
      2.588045581693555,
      2.5082613406689713,
      2.2611406550724027,
      2.6403598881181223,
      2.9274705470060116,
      2.9999999999958478,
      2.975170619135244,
      2.9345844279519033,
      2.924223101453619,
      2.9544479661283303,
      2.9999999999443334,
      2.999999832349894,
      2.8579477442734866,
      2.534318873241079,
      2.734492892775733,
      2.7427535859689884,
      2.676278362042338,
      2.6166242816972733,
      2.609728057115524,
      2.665906051959085,
      2.7598542813700413,
      2.8306484119705364,
      2.7817437618630994,
      1.9711170142636412,
      2.095847616567768,
      2.0484013877710536,
      1.9459107742687494,
      1.8698878739364622,
      1.8662244361297395,
      1.9451918616844543,
      2.081441202916599,
      2.2140031636223427,
      2.2462880990779146,
      1.1381382354463683,
      1.1988819497879344,
      1.104253943953118,
      0.9713417015111074,
      0.8816123575113868,
      0.8809126984834406,
      0.9794691624369903,
      1.151887838862024,
      1.3371544687284702,
      1.4386344444865842,
      0.19606075838170758,
      0.204237421174086,
      0.07091609039847135,
      -0.08686071320198163,
      -0.18767081740399968,
      -0.1857123985041022,
      -0.0708039813186309,
      0.13161556081616158,
      0.36048700604431855,
      0.5191307839898541,
      -0.721142898005739,
      -0.7541501432037994,
      -0.9177130396774731,
      -1.094834029509846,
      -1.2041359033035601,
      -1.1998618001813757,
      -1.0718752077856377,
      -0.845659962278633,
      -0.582320248342529,
      -0.37858059917937464,
      -1.5062059174591562,
      -1.569050619943589,
      -1.7544400157274131,
      -1.945421509719689,
      -2.06066285534924,
      -2.0544521545648595,
      -1.9166978578350748,
      -1.6729287641482056,
      -1.3842940210125416,
      -1.147563124456136,
      -2.0785671863898703,
      -2.159939588311203,
      -2.358777109871745,
      -2.5581721188066484,
      -2.6768373313708005,
      -2.669105812339058,
      -2.5249309750060394,
      -2.2698865811863063,
      -1.9651667412140341,
      -1.7075859139434566,
      -2.3843712938769346,
      -2.4729983302403777,
      -2.6769422968989165,
      -2.8793405244137373,
      -2.998950691865849,
      -2.9901508268562003,
      -2.8429393055055043,
      -2.5829348524543545,
      -2.2713765408631965,
      -2.0051237924121805,
      -2.3964685316673076,
      -2.481113830332784,
      -2.681859254265193,
      -2.8818870968518735,
      -3.0000000000000147,
      -2.9906209541365705,
      -2.8437932982083463,
      -2.5851807196820276,
      -2.2760672545441536,
      -2.013357287301055,
      -2.114414894176059,
      -2.183878775857967,
      -2.3731573620948327,
      -2.565477909099968,
      -2.679688021606774,
      -2.6702556528682386,
      -2.527269104657288,
      -2.2764370272667023,
      -1.9790884195090528,
      -1.7321726287168224,
      -1.5644720784860164,
      -1.6075915567534966,
      -1.7771717031799095,
      -1.9564847368048375,
      -2.0644232251875674,
      -2.055500084407327,
      -1.9198485790630473,
      -1.6832223222737186,
      -1.4069952756779167,
      -1.1881617494340992,
      -0.7996074843478527,
      -0.8052562656246096,
      -0.9469430629804912,
      -1.1079850582810546,
      -1.207319781911709,
      -1.1995051127777445,
      -1.0747192783043333,
      -0.8587608544362919,
      -0.6130487656384962,
      -0.4346222848954663,
      0.10050578581967765,
      0.1434173022551971,
      0.037782070375419634,
      -0.09976205451127516,
      -0.18819756561641857,
      -0.1821273046714233,
      -0.07177446192749477,
      0.11701742384442798,
      0.3227844653534063,
      0.44844242678879753,
      1.0294889269300032,
      1.1320136489447583,
      1.0705515060920345,
      0.961695390854,
      0.8864178471930606,
      0.8900710705518292,
      0.982386907852978,
      1.1374768574993275,
      1.2938320693739942,
      1.3543233448401837,
      1.8542574312286184,
      2.027411573834945,
      2.0182073507054525,
      1.9431926914963356,
      1.8832951773438176,
      1.883822040864419,
      1.9544601661547196,
      2.069276088791506,
      2.166715995831714,
      2.1496057258125147,
      2.415021088293113,
      2.6697841736486643,
      2.720886008084076,
      2.684829558429391,
      2.6424974429947996,
      2.6391519315706997,
      2.684434945427519,
      2.752368057316011,
      2.781352491467078,
      2.6741691235916507,
      2.5252839850332016,
      2.872598842441036,
      2.9920181794283125,
      2.99999999999901,
      2.9773819596371673,
      2.9693813653070604,
      2.985595175453172,
      2.9999999999999853,
      2.950952100352457,
      2.741187389395367,
      1.971844505690575,
      2.4226172715991283,
      2.618328863270636,
      2.6753923218829243,
      2.6746003400940292,
      2.661125262042134,
      2.6445190833455983,
      2.598713451102872,
      2.462019663892672,
      2.137128671773862
    ],
    "theta": [
      -37.05032114499929,
      -0.0009063188455525802,
      0.006033315424922061,
      1.1642065613052537,
      0.002319757816658923,
      0.1229218407528337,
      0.004186777353886783,
      -0.007803795310861154,
      -0.007167410474360147,
      0.018234127067025627,
      -0.7000678462260317,
      -0.0015821910352006206,
      -0.07145190360307853,
      -0.00047374122580969567,
      -0.05508972737460912
    ],
    "n_clipped": 6,
    "lambda_scan": [
      [
        0.8,
        34.536764689335584
      ],
      [
        0.9,
        48.34808432631824
      ],
      [
        0.95,
        56.60258417483798
      ],
      [
        1.0,
        65.80573140113404
      ]
    ]
  },
  "mfpt": {
    "speedup": 59.3067542755327,
    "value": 124.64157287701337,