{
  "U_max": 3.0,
  "gap0": 0.0002717513590726139,
  "mfpt0": 7392.087135132933,
  "alpha_smooth": 0.001,
  "constraint": "option C: smooth deg-4 poly, spread<=2U, BFGS from warm starts",
  "spectral": {
    "speedup": 64.00906603285671,
    "u": [
      2.3975906555364017,
      2.629224577494779,
      2.682535008690469,
      2.6586288586997626,
      2.6262594201373397,
      2.621826368656285,
      2.6493757629480776,
      2.680600044742594,
      2.6548380388081068,
      2.47907495295129,
      2.7419346882685205,
      2.953754022773094,
      2.992816573654814,
      2.9601394557689815,
      2.9243861670092888,
      2.9218665883078336,
      2.956536983635107,
      3.0000000000000004,
      2.9915046674497967,
      2.8379463990701823,
      2.451387080238917,
      2.6453015660199193,
      2.6714777839852073,
      2.6308430542690933,
      2.591971080044289,
      2.5910819475219005,
      2.632042125951431,
      2.6863644676207827,
      2.693208207856257,
      2.55937896502255,
      1.7367538687563886,
      1.914686554861572,
      1.9293512976254923,
      1.8815856224614746,
      1.83987343782124,
      1.8403450351949087,
      1.8867770891109976,
      1.9505926571364216,
      1.9708611798764917,
      1.8542984809749177,
      0.782477958769435,
      0.946365204564083,
      0.9509066401592277,
      0.8968499962472051,
      0.8525893865587503,
      0.8541653078629954,
      0.90526463996747,
      0.9772206457181011,
      1.0090129709992135,
      0.907267644733529,
      -0.2533608771337413,
      -0.10156940196682018,
      -0.1057497951903341,
      -0.1652441208329345,
      -0.21174805988487425,
      -0.20931091029800808,
      -0.15433558698579386,
      -0.07557862182329256,
      -0.034150163647165194,
      -0.12351397825567953,
      -1.2390459987252336,
      -1.0973873141857042,
      -1.1088747475602332,
      -1.1729401575984595,
      -1.2213690200116214,
      -1.218300427472563,
      -1.1602270896157285,
      -1.0759953330371677,
      -1.0268051012945285,
      -1.1062099549070648,
      -2.0692238981374333,
      -1.9357217139074356,
      -1.9530880884478097,
      -2.020844675229181,
      -2.070866744683778,
      -2.067383184205429,
      -2.00697649814957,
      -1.9185828078332332,
      -1.8634918515350565,
      -1.9353469844952822,
      -2.664904199863025,
      -2.537568915307171,
      -2.5593728217106944,
      -2.629927367265206,
      -2.6811976171239227,
      -2.677502253401663,
      -2.6155135751748437,
      -2.5242574984814894,
      -2.4651135563212256,
      -2.5318148986552793,
      -2.973459660754996,
      -2.8502883649203725,
      -2.8750750835668213,
      -2.9475210596069434,
      -2.9996811529149374,
      -2.995963840326615,
      -2.933131215639378,
      -2.8402989896122395,
      -2.7789364899658104,
      -2.8428666613823075,
      -2.9686261700266274,
      -2.847602641642795,
      -2.8739041425944194,
      -2.947321710515092,
      -3.0000000000000004,
      -2.9964372826059362,
      -2.933485446851297,
      -2.840349998216079,
      -2.7785900591418815,
      -2.8421183690319087,
      -2.650502749251492,
      -2.529597456730483,
      -2.555932399732011,
      -2.629388410610649,
      -2.682199938682576,
      -2.6789550502255723,
      -2.6165954284790183,
      -2.5244163736439,
      -2.4640668028828054,
      -2.5295492503199224,
      -2.0455515523634693,
      -1.922721653799792,
      -1.94759538827842,
      -2.0201433828749153,
      -2.0726898816264416,
      -2.0699127455317665,
      -2.0088434525512593,
      -1.918867097606896,
      -1.8617223925822461,
      -1.9315016663224898,
      -1.206597865656726,
      -1.079787208827363,
      -1.1016917738927638,
      -1.1723719826494776,
      -1.2242418738556577,
      -1.2220691032310576,
      -1.1629749434570347,
      -1.07643428417655,
      -1.0242756319941644,
      -1.100681110476044,
      -0.21283010778572894,
      -0.07996923015013493,
      -0.09738335459445459,
      -0.16522269763622463,
      -0.21599109275458556,
      -0.2145459903902796,
      -0.15809845794565022,
      -0.07621317978464608,
      -0.0308084572328162,
      -0.11615620857731287,
      0.8302001702347556,
      0.9711940415346522,
      0.9598049392367938,
      0.8957928521026567,
      0.8465641519321128,
      0.8471715935634331,
      0.9003143148732851,
      0.976337836776734,
      1.0132340632272436,
      0.9166412812166735,
      1.7905782850296645,
      1.941801233169461,
      1.9379850448609706,
      1.8787999141446818,
      1.83156241809948,
      1.8312355168426475,
      1.8804285535298657,
      1.9493972543552123,
      1.9760437285511618,
      1.8659164683885883,
      2.510026420863644,
      2.6735878393364643,
      2.678905767177775,
      2.625560603707077,
      2.5807791312822674,
      2.5794345152996434,
      2.6240463041938957,
      2.6847804294381175,
      2.699449205543795,
      2.573511330060815,
      2.80390362964104,
      2.981926222257533,
      2.997952778726602,
      2.9514739036467628,
      2.909626584654924,
      2.907194192426393,
      2.9466064806748764,
      2.9979395861524782,
      2.9989160286496963,
      2.854904710995431,
      2.4612058309058975,
      2.655825611794242,
      2.6841486196865545,
      2.645575664460367,
      2.6071539390316016,
      2.603577019354579,
      2.637184864422015,
      2.6779638162650263,
      2.663546599953124,
      2.499212323594223
    ],
    "theta": [
      0.09079661031640088,
      -0.002784618925840662,
      0.011267017938719023,
      5.330006706178957,
      -0.002788048398111843,
      0.2603968738174829,
      -0.0027162653315793797,
      -0.01208066205085025,
      0.011231203974878985,
      0.026980976540600773,
      -3.195942233926441,
      0.0026541876499572028,
      -0.061792959758821715,
      -0.0043752630949168946,
      -0.23139879195259927
    ],
    "mfpt_of_bias": 230.04912229345615,
    "mfpt_speedup_of_bias": 32.13264654712923
  },
  "mfpt": {
    "speedup": 58.18469776137571,
    "gap_speedup": 39.734254326181244,