{
  "n_boot": 200,
  "n_usable": 200,
  "unit": "run",
  "alpha": [
    0.0,
    0.25,
    0.5,
    0.75,
    1.0,
    1.5,
    2.0,
    3.0,
    4.0,
    6.0,
    8.0
  ],
  "point": {
    "Omega_J": [
      0.9999999999999393,
      0.9955876877901877,
      0.9911566195626429,
      0.9867801060149516,
      0.9824470761560095,
      0.9738633546924912,
      0.9654189461240037,
      0.9483343283670069,
      0.9313510358183598,
      0.8973190197913536,
      0.8629630041305996
    ],
    "D_edge": [
      0.0,
      0.014388972122782798,
      0.028777944245565595,
      0.04316691636834839,
      0.05755588849113119,
      0.08633383273669679,
      0.11511177698226238,
      0.17266766547339357,
      0.23022355396452476,
      0.34533533094678714,
      0.4604471079290495
    ],
    "S_MFPT": [
      1.0000000000000173,
      1.129053990563689,
      1.2070320586381007,
      1.225407416961758,
      1.1889916449840006,
      1.0100048472581415,
      0.7857311836432428,
      0.42501499396852316,
      0.22725514643904132,
      0.08007453473109291,
      0.0356534776865553
    ]
  },
  "Omega_J": {
    "median": [
      0.999999999999952,
      0.9949783201220719,
      0.989966498922974,
      0.9850400605481116,
      0.9801189795338853,
      0.9700820630117996,
      0.9604379258990451,
      0.9406870852252684,
      0.9209969151680174,
      0.8797426437868112,
      0.8396830690037789
    ],
    "p5": [
      0.9999999999998727,
      0.9928093698553233,
      0.9857450996171532,
      0.9786094980469552,
      0.9713715456223173,
      0.9572813861193625,
      0.9421039289551686,
      0.9137695528840242,
      0.8833003749374081,
      0.8192026853888794,
      0.7569113228776277
    ],
    "p95": [
      0.9999999999999758,
      0.9966064643917927,
      0.9932492552688786,
      0.989921439390713,
      0.9866251553289506,
      0.9800481723248724,
      0.9734286909866601,
      0.9611510229810559,
      0.9488210353018998,
      0.9237301465182459,
      0.8977297115927241
    ]
  },
  "D_edge": {
    "median": [
      0.0,
      0.015653811876127938,
      0.031307623752255875,
      0.046961435628383806,
      0.06261524750451175,
      0.09392287125676761,
      0.1252304950090235,
      0.18784574251353522,
      0.250460990018047,
      0.37569148502707045,
      0.500921980036094
    ],
    "p5": [
      0.0,
      0.012796648223838358,
      0.025593296447676717,
      0.03838994467151507,
      0.05118659289535343,
      0.07677988934303014,
      0.10237318579070687,
      0.15355977868606027,
      0.20474637158141373,
      0.30711955737212054,
      0.40949274316282747
    ],
    "p95": [
      0.0,
      0.018352306748920157,
      0.036704613497840315,
      0.05505692024676047,
      0.07340922699568063,
      0.11011384049352094,
      0.14681845399136126,
      0.22022768098704187,
      0.2936369079827225,
      0.44045536197408375,
      0.587273815965445
    ]
  },
  "S_MFPT": {
    "median": [
      0.9999999999999996,
      1.1297997561854103,
      1.2074430546775359,
      1.2264775827969236,
      1.1876728429115762,
      1.0086814640299129,
      0.7842641185886969,
      0.4208284271373588,
      0.22916026976158638,
      0.08303879376965742,
      0.03720767612934172
    ],
    "p5": [
      0.999999999999905,
      1.0939073807526842,
      1.1322851550857393,
      1.1139164694897752,
      1.0504203318689491,
      0.8552279779390703,
      0.6541227850014921,
      0.3493688299407899,
      0.1877851661151237,
      0.0662685689431048,
      0.028693999561369334
    ],
    "p95": [
      1.0000000000000953,
      1.1683290519872616,
      1.2908303071813976,
      1.350214380385499,
      1.344804534462565,
      1.1982967661903199,
      0.9663771424166692,
      0.536298210221894,
      0.2846875863426433,
      0.10141309782045511,
      0.046646786426026036
    ]
  }
}