{
  "feature_index": 5,
  "feature_name": "Y64_swing",
  "n_microstates": 96,
  "n_visited": 44,
  "n_A_visited": 2,
  "n_B_visited": 9,
  "lag_frames": 1,
  "tau0_unbiased": 498.05619335397154,
  "slope_kT_per_cv": [
    0.0,
    0.25,
    0.5,
    0.75,
    1.0,
    1.25,
    1.5,
    1.75,
    2.0,
    2.25,
    2.5,
    2.75,
    3.0
  ],
  "speedup": [
    0.9999999999999833,
    1.527583251041504,
    2.1765219297783367,
    2.930510070401773,
    3.7659154455597523,
    4.6603904867832515,
    5.597789866067327,
    6.5684853260383065,
    7.5671878892544395,
    8.590420863334227,
    9.634644961686256,
    10.695161921005091,
    11.765723119899775
  ],
  "Omega_J": [
    0.9999999999997965,
    0.969744784236814,
    0.9388068430234707,
    0.907505533500823,
    0.87635193166749,
    0.845740701148115,
    0.8159682499146149,
    0.7867734616124835,
    0.7582431647715242,
    0.7306452547212057,
    0.7039529395817694,
    0.6786767796523534,
    0.6547453912291333
  ],
  "Omega_rho": [
    0.9999999999999684,
    0.9484227677095078,
    0.8972347647097338,
    0.8460732783391187,
    0.7955628587508967,
    0.7469520374076031,
    0.7009808403081201,
    0.6582071937760041,
    0.6185770101188998,
    0.5822708294240664,
    0.5496280027665434,
    0.5205330763166386,
    0.4947502962332515
  ],
  "D_edge": [
    0.0,
    0.12974812550147471,
    0.25949625100294943,
    0.3892443765044241,
    0.5189925020058989,
    0.6487406275073735,
    0.7784887530088482,
    0.908236878510323,
    1.0379850040117977,
    1.1677331295132722,
    1.297481255014747,
    1.4272293805162217,
    1.5569775060176965
  ],
  "R_unsup": [
    0.4506398476020322,
    0.4530313611060995,
    0.45592617726604834,
    0.4593343374549765,
    0.46327576834697315,
    0.4677380176644354,
    0.4726850352058741,
    0.47809476084751934,
    0.4839410353600153,
    0.4901968661030687,
    0.4968390587640825,
    0.5039012976799218,
    0.5115271859659163
  ]
}