{
  "point": {
    "mean-field mean": 0.05755588849113119,
    "mean-field p95": 0.13996411972742626,
    "resolved mean": 0.15600271494143692,
    "resolved p95": 0.23298019516706311
  },
  "block_run": {
    "mean-field mean": {
      "median": 0.06261524750451175,
      "p5": 0.05118659289535343,
      "p95": 0.07340922699568063
    },
    "mean-field p95": {
      "median": 0.1510273287875534,
      "p5": 0.1277706690411895,
      "p95": 0.19229534163519316
    },
    "resolved mean": {
      "median": 0.1553281893279172,
      "p5": 0.1464645281342825,
      "p95": 0.16579299121283106
    },
    "resolved p95": {
      "median": 0.2340162245835247,
      "p5": 0.21430618062326134,
      "p95": 0.25228939894996116
    }
  }
}