{
  "barrier": [
    {
      "gap0": 0.0026540131818191186,
      "mfpt0": 804.0306932475962,
      "gap_flat": 0.014616476671337425,
      "mfpt_flat": 217.49556338240194,
      "gap_poly_spec": 0.04739259711918469,
      "mfpt_poly_spec": 631.6608588868669,
      "gap_per_state": 0.07819474855127836,
      "mfpt_per_state": 439.6202530997949,
      "gap_mfpt_opt": 0.050799260558021656,
      "mfpt_mfpt_opt": 46.0599071009113,
      "gap_speedup_flat": 5.507311256577472,
      "mfpt_speedup_flat": 3.696768250090439,
      "gap_speedup_poly_spec": 17.85695619141604,
      "mfpt_speedup_poly_spec": 1.2728835132581826,
      "gap_speedup_per_state": 29.462833525823704,
      "mfpt_speedup_per_state": 1.8289209552524397,
      "gap_speedup_mfpt_opt": 19.14054568606277,
      "mfpt_speedup_mfpt_opt": 17.45619441841402,
      "barrier_height": 1.0,
      "FE_range": 8.56832478319367
    },
    {
      "gap0": 0.0018818011989426675,
      "mfpt0": 1109.2227159191355,
      "gap_flat": 0.013754008829304198,
      "mfpt_flat": 225.49002882479235,
      "gap_poly_spec": 0.041890050742417806,
      "mfpt_poly_spec": 496.23110270291437,
      "gap_per_state": 0.06652118092475055,
      "mfpt_per_state": 359.78907655475393,
      "gap_mfpt_opt": 0.04354477008500074,
      "mfpt_mfpt_opt": 48.60677117479707,
      "gap_speedup_flat": 7.308959542077132,
      "mfpt_speedup_flat": 4.91916525843815,
      "gap_speedup_poly_spec": 22.26061433373232,
      "mfpt_speedup_poly_spec": 2.2352946235681834,
      "gap_speedup_per_state": 35.34973883645466,
      "mfpt_speedup_per_state": 3.082980524424927,
      "gap_speedup_mfpt_opt": 23.139941726823935,
      "mfpt_speedup_mfpt_opt": 22.820333239790976,
      "barrier_height": 1.5,
      "FE_range": 9.06555853677753
    },
    {
      "gap0": 0.001312399938487558,
      "mfpt0": 1566.8220819181497,
      "gap_flat": 0.012977909491631972,
      "mfpt_flat": 233.66607949620092,
      "gap_poly_spec": 0.03663361451051759,
      "mfpt_poly_spec": 394.59360463071226,
      "gap_per_state": 0.05599195306936417,
      "mfpt_per_state": 301.4722481683768,
      "gap_mfpt_opt": 0.0366506622122365,
      "mfpt_mfpt_opt": 52.298077659718196,
      "gap_speedup_flat": 9.888684928306256,
      "mfpt_speedup_flat": 6.705389525498604,
      "gap_speedup_poly_spec": 27.913453388861836,
      "mfpt_speedup_poly_spec": 3.970723457072978,
      "gap_speedup_per_state": 42.6637882457467,
      "mfpt_speedup_per_state": 5.197234874644435,
      "gap_speedup_mfpt_opt": 27.92644310428239,
      "mfpt_speedup_mfpt_opt": 29.95945839754968,
      "barrier_height": 2.0,
      "FE_range": 9.562792290357958
    },
    {
      "gap0": 0.0006113419226069758,
      "mfpt0": 3308.555876588017,
      "gap_flat": 0.011539068730256032,
      "mfpt_flat": 251.4722624004236,
      "gap_poly_spec": 0.026879286215805907,
      "mfpt_poly_spec": 295.6977287457918,
      "gap_per_state": 0.038285714757641205,
      "mfpt_per_state": 235.4782098187808,
      "gap_mfpt_opt": 0.02490311113795859,
      "mfpt_mfpt_opt": 64.45319941304061,
      "gap_speedup_flat": 18.87498354611345,
      "mfpt_speedup_flat": 13.156742795433027,
      "gap_speedup_poly_spec": 43.96768031412475,
      "mfpt_speedup_poly_spec": 11.188979674011454,
      "gap_speedup_per_state": 62.62569822527061,
      "mfpt_speedup_per_state": 14.050369582536803,
      "gap_speedup_mfpt_opt": 40.73516017315321,
      "mfpt_speedup_mfpt_opt": 51.332686456502074,
      "barrier_height": 3.0,
      "FE_range": 10.557259797515517
    },
    {
      "gap0": 0.00027175135907330037,
      "mfpt0": 7392.08713513415,
      "gap_flat": 0.009584321146190485,
      "mfpt_flat": 284.34803934200767,
      "gap_poly_spec": 0.018739157947407895,
      "mfpt_poly_spec": 268.87470401536535,
      "gap_per_state": 0.024809717953488096,
      "mfpt_per_state": 216.97177516259012,
      "gap_mfpt_opt": 0.015927781906741455,
      "mfpt_mfpt_opt": 86.82390332809204,
      "gap_speedup_flat": 35.268714676806,
      "mfpt_speedup_flat": 25.996617216843575,
      "gap_speedup_poly_spec": 68.95699808571453,
      "mfpt_speedup_poly_spec": 27.492683486921536,
      "gap_speedup_per_state": 91.29565363754479,
      "mfpt_speedup_per_state": 34.06934901829886,
      "gap_speedup_mfpt_opt": 58.61159981336175,
      "mfpt_speedup_mfpt_opt": 85.13884831001863,
      "barrier_height": 4.0,
      "FE_range": 11.551727304675442
    },
    {
      "gap0": 0.00011662452326701349,
      "mfpt0": 17177.697014008412,
      "gap_flat": 0.007522750395370054,
      "mfpt_flat": 338.17350848116104,
      "gap_poly_spec": 0.01225023158571278,
      "mfpt_poly_spec": 295.17655864972687,
      "gap_per_state": 0.015119004053923416,
      "mfpt_per_state": 241.21827527486727,
      "gap_mfpt_opt": 0.009399897111749139,
      "mfpt_mfpt_opt": 129.8686400663958,
      "gap_speedup_flat": 64.50401840568824,
      "mfpt_speedup_flat": 50.79551349589333,
      "gap_speedup_poly_spec": 105.03992850342208,
      "mfpt_speedup_poly_spec": 58.194651677582684,
      "gap_speedup_per_state": 129.6382924482207,
      "mfpt_speedup_per_state": 71.21225369194973,
      "gap_speedup_mfpt_opt": 80.59966161857693,
      "mfpt_speedup_mfpt_opt": 132.2697843392081,
      "barrier_height": 5.0,
      "FE_range": 12.546194811906473
    },
    {
      "gap0": 3.130170474849444e-05,
      "mfpt0": 63918.465140915025,
      "gap_flat": 0.004329972854951721,
      "mfpt_flat": 528.1778456850145,
      "gap_poly_spec": 0.00562114767013309,
      "mfpt_poly_spec": 453.65866108758394,
      "gap_per_state": 0.006324539338994377,
      "mfpt_per_state": 400.78076830677423,
      "gap_mfpt_opt": 0.0036933500846435415,
      "mfpt_mfpt_opt": 294.1008895872055,
      "gap_speedup_flat": 138.33025676213322,
      "mfpt_speedup_flat": 121.01693712279179,
      "gap_speedup_poly_spec": 179.57960166381855,
      "mfpt_speedup_poly_spec": 140.89550277223702,
      "gap_speedup_per_state": 202.05095504578154,
      "mfpt_speedup_per_state": 159.48486104001174,
      "gap_speedup_mfpt_opt": 117.99197884968821,
      "mfpt_speedup_mfpt_opt": 217.33516423778858,
      "barrier_height": 6.5,
      "FE_range": 14.03789607271139
    },
    {
      "gap0": 8.091684710086299e-06,
      "mfpt0": 247188.05968257194,
      "gap_flat": 0.0018756985570020214,
      "mfpt_flat": 1125.3519889977415,
      "gap_poly_spec": 0.002098069478068322,
      "mfpt_poly_spec": 1021.9565823124151,
      "gap_per_state": 0.002233726014128512,
      "mfpt_per_state": 962.3107391050486,
      "gap_mfpt_opt": 0.0012345143056780355,
      "mfpt_mfpt_opt": 835.0942066746175,
      "gap_speedup_flat": 231.80568994043477,
      "mfpt_speedup_flat": 219.6539945717091,
      "gap_speedup_poly_spec": 259.28710191254424,
      "mfpt_speedup_poly_spec": 241.87726167705804,
      "gap_speedup_per_state": 276.05203293995976,
      "mfpt_speedup_per_state": 256.8692727179346,
      "gap_speedup_mfpt_opt": 152.56579438138652,
      "mfpt_speedup_mfpt_opt": 296.00020896670554,
      "barrier_height": 8.0,
      "FE_range": 15.529597334131271
    }
  ],
  "budget": [
    {
      "gap0": 0.00027175135907330037,
      "mfpt0": 7392.08713513415,
      "gap_flat": 0.0006604715134331042,
      "mfpt_flat": 3066.007789241108,
      "gap_poly_spec": 0.0006867856292073582,
      "mfpt_poly_spec": 2951.6661938768657,
      "gap_per_state": 0.0007000547431460414,
      "mfpt_per_state": 2895.9561286483768,
      "gap_mfpt_opt": 0.0005238938672348768,
      "mfpt_mfpt_opt": 2835.535055824231,
      "gap_speedup_flat": 2.4304257968952903,
      "mfpt_speedup_flat": 2.4109811987672165,
      "gap_speedup_poly_spec": 2.5272573853884914,
      "mfpt_speedup_poly_spec": 2.50437774788653,
      "gap_speedup_per_state": 2.576085527348599,
      "mfpt_speedup_per_state": 2.5525549444646605,
      "gap_speedup_mfpt_opt": 1.927842675824724,
      "mfpt_speedup_mfpt_opt": 2.606946128192171,